"hour","x","y","twitter","instagram"
0,69,76,0,1
0,72,121,0,1
0,75,75,0,1
0,82,100,0,1
0,84,66,1,0
0,94,112,0,1
0,105,79,0,5
0,106,82,0,2
0,107,57,0,1
0,107,58,0,3
0,109,70,0,1
0,109,72,0,1
0,109,78,0,1
0,109,83,0,1
0,110,74,0,2
0,110,77,0,1
0,110,101,0,3
0,111,70,0,1
0,111,88,0,1
0,112,80,0,1
0,112,88,0,1
0,113,76,0,1
0,113,83,0,1
0,113,100,0,1
0,114,76,0,9
0,114,81,0,3
0,115,76,0,4
0,115,78,0,1
0,115,79,0,1
0,116,72,1,0
0,116,80,0,1
0,116,91,0,1
0,117,66,0,1
0,117,68,0,1
0,117,77,0,2
0,117,78,0,1
0,117,80,0,1
0,117,81,0,1
0,117,83,0,1
0,118,49,0,1
0,118,70,0,1
0,118,78,1,3
0,118,80,1,1
0,119,66,0,1
0,119,78,0,1
0,119,79,0,3
0,119,80,0,1
0,119,81,0,1
0,119,93,0,1
0,119,97,0,1
0,120,66,0,1
0,120,79,0,2
0,120,82,0,1
0,120,84,0,1
0,120,86,0,1
0,120,91,0,1
0,121,77,0,1
0,121,78,0,3
0,121,79,0,3
0,121,80,0,1
0,121,88,0,1
0,122,68,0,1
0,122,69,0,1
0,122,78,0,1
0,122,79,0,1
0,122,80,0,2
0,123,64,2,0
0,123,69,0,1
0,123,71,0,2
0,123,76,0,1
0,123,83,0,1
0,124,74,0,2
0,125,72,0,1
0,125,73,0,1
0,125,80,0,1
0,125,81,0,2
0,125,90,0,1
0,126,52,0,2
0,126,58,0,1
0,126,70,0,2
0,126,83,0,1
0,127,58,0,3
0,127,86,0,1
0,128,61,1,0
0,128,77,0,2
0,128,78,0,1
0,128,79,0,1
0,128,80,0,2
0,128,82,0,1
0,128,84,0,2
0,129,60,0,2
0,129,68,0,1
0,129,69,0,1
0,129,76,0,1
0,129,78,0,1
0,130,68,0,1
0,130,76,0,5
0,130,119,0,1
0,131,39,0,1
0,131,67,0,1
0,131,72,0,2
0,131,73,2,11
0,131,76,0,7
0,131,77,0,2
0,132,70,1,0
0,132,73,0,6
0,132,74,0,4
0,132,76,0,1
0,132,81,1,1
0,133,70,0,1
0,133,75,0,1
0,133,76,0,1
0,133,77,1,0
0,133,79,0,1
0,133,80,0,1
0,133,85,0,1
0,134,61,0,1
0,134,64,0,1
0,134,68,0,1
0,134,69,0,1
0,134,70,0,2
0,134,72,0,2
0,134,84,0,1
0,134,87,0,2
0,134,95,0,1
0,135,66,1,1
0,135,73,0,2
0,135,74,0,2
0,135,75,0,2
0,135,76,2,1
0,135,81,0,1
0,135,82,1,0
0,135,83,0,1
0,135,93,0,1
0,135,95,0,1
0,135,100,0,1
0,136,50,0,1
0,136,63,0,1
0,136,69,0,1
0,136,70,0,2
0,136,71,0,1
0,136,73,0,1
0,136,76,0,1
0,136,79,0,1
0,136,107,0,1
0,137,65,0,3
0,137,66,0,4
0,137,68,0,2
0,137,69,0,1
0,137,75,0,1
0,137,76,0,1
0,137,78,0,1
0,137,79,0,2
0,138,60,0,1
0,138,62,0,1
0,138,66,0,1
0,138,67,0,8
0,138,68,0,1
0,138,69,0,2
0,138,70,0,2
0,138,71,0,1
0,138,72,1,3
0,138,79,9,145
0,139,62,0,1
0,139,63,0,1
0,139,65,0,1
0,139,67,0,2
0,139,69,0,2
0,139,70,0,1
0,139,71,0,1
0,139,80,0,1
0,140,60,0,1
0,140,66,0,3
0,140,67,0,2
0,140,68,0,2
0,140,70,0,2
0,140,71,1,2
0,140,74,0,1
0,140,92,0,1
0,141,68,2,1
0,141,70,0,10
0,141,77,0,1
0,141,80,0,1
0,141,84,0,1
0,142,61,0,1
0,142,63,0,1
0,142,64,0,2
0,142,66,0,1
0,142,68,0,2
0,142,69,0,1
0,142,71,0,3
0,142,74,0,2
0,142,85,0,1
0,143,49,0,1
0,143,70,0,1
0,143,75,0,1
0,143,79,0,12
0,143,80,0,5
0,143,81,0,2
0,143,84,0,1
0,144,64,0,1
0,144,82,0,1
0,144,83,0,1
0,144,132,0,1
0,145,65,0,1
0,145,71,0,1
0,145,75,0,1
0,145,81,0,1
0,145,83,0,2
0,145,84,0,1
0,145,85,0,1
0,145,91,0,1
0,146,64,0,2
0,146,81,0,1
0,146,85,0,1
0,147,68,0,1
0,147,75,0,3
0,147,79,0,2
0,147,94,0,1
0,148,71,0,1
0,148,85,0,1
0,148,86,0,2
0,148,87,1,0
0,149,74,0,2
0,149,77,0,14
0,149,78,0,8
0,149,85,0,1
0,150,72,10,1
0,150,78,0,9
0,150,85,0,2
0,150,88,0,1
0,151,65,0,1
0,151,77,0,1
0,151,79,0,1
0,152,59,1,0
0,152,65,0,1
0,152,66,0,1
0,152,74,0,1
0,152,75,0,1
0,152,76,1,3
0,153,50,0,1
0,153,73,0,1
0,153,74,0,1
0,153,89,0,1
0,154,38,3,0
0,154,68,0,1
0,154,73,0,1
0,154,75,0,1
0,154,89,0,1
0,155,71,1,11
0,155,72,0,1
0,155,79,0,1
0,156,76,0,1
0,156,78,0,1
0,157,74,1,0
0,157,76,0,1
0,158,77,0,3
0,162,113,0,1
0,164,42,1,0
0,165,50,0,1
0,166,86,0,1
0,177,55,0,1
0,177,107,0,1
0,184,92,0,1
0,184,99,0,1
0,190,98,0,1
0,213,139,0,2
0,224,105,0,1
1,82,68,0,1
1,83,67,0,1
1,90,114,0,1
1,103,94,0,1
1,104,80,0,1
1,105,43,0,1
1,105,73,0,1
1,105,79,0,1
1,106,82,0,2
1,106,92,0,1
1,107,57,0,1
1,109,72,0,2
1,109,78,0,1
1,109,82,0,1
1,110,109,0,1
1,111,105,0,1
1,112,51,0,1
1,112,73,0,1
1,113,74,0,1
1,113,76,2,0
1,114,76,3,3
1,114,81,0,2
1,115,33,0,1
1,115,83,0,1
1,116,72,1,0
1,116,80,0,1
1,117,79,0,1
1,118,68,0,1
1,118,78,0,1
1,119,66,0,3
1,119,78,0,2
1,119,79,0,4
1,120,78,0,1
1,121,66,1,1
1,121,77,0,1
1,121,78,0,4
1,121,96,0,1
1,122,78,0,1
1,122,80,0,1
1,122,81,0,1
1,122,83,0,1
1,123,59,0,1
1,124,58,0,2
1,124,66,0,1
1,125,74,0,1
1,125,81,0,2
1,126,60,0,1
1,126,68,0,1
1,126,70,0,1
1,126,87,0,1
1,127,58,0,1
1,127,59,0,1
1,128,82,0,1
1,129,55,0,1
1,129,60,0,1
1,129,61,0,1
1,129,69,0,1
1,130,57,0,1
1,130,68,0,5
1,130,76,0,2
1,131,35,0,1
1,131,39,0,2
1,131,72,0,3
1,131,73,0,8
1,131,75,0,1
1,131,76,0,3
1,131,78,0,1
1,132,73,1,3
1,132,74,0,1
1,132,96,0,2
1,133,53,0,1
1,133,85,0,1
1,134,61,0,4
1,134,67,0,2
1,134,68,0,1
1,134,70,0,1
1,134,71,0,1
1,134,72,0,1
1,134,75,0,1
1,134,84,0,1
1,134,87,0,1
1,135,72,0,2
1,135,74,0,1
1,135,75,0,1
1,135,76,0,1
1,135,77,0,1
1,135,82,0,1
1,135,83,0,1
1,135,84,0,1
1,135,95,0,4
1,136,50,0,1
1,136,55,0,1
1,136,68,0,1
1,136,70,0,3
1,136,74,0,4
1,136,75,1,0
1,137,65,0,5
1,137,66,1,1
1,137,70,0,2
1,137,71,0,1
1,137,79,0,1
1,137,99,0,1
1,138,60,0,1
1,138,64,0,1
1,138,67,0,3
1,138,69,0,2
1,138,72,0,1
1,138,79,1,114
1,139,67,0,1
1,139,72,0,1
1,140,57,0,1
1,140,58,0,1
1,140,60,1,0
1,140,66,0,2
1,140,67,0,1
1,140,69,0,1
1,140,84,0,1
1,141,62,0,1
1,141,67,0,1
1,141,68,0,1
1,141,70,1,6
1,141,84,0,1
1,142,69,0,1
1,142,74,0,1
1,142,76,0,2
1,143,62,0,1
1,143,70,0,1
1,143,79,0,14
1,143,80,0,3
1,143,81,0,2
1,144,60,0,1
1,144,71,0,2
1,144,83,0,3
1,144,85,0,3
1,144,93,0,2
1,144,132,0,1
1,145,66,0,1
1,145,71,0,2
1,145,85,0,1
1,145,88,0,1
1,145,94,0,1
1,146,78,1,0
1,146,84,0,1
1,146,88,0,1
1,147,71,0,1
1,147,76,0,1
1,147,79,0,2
1,147,80,0,1
1,147,86,0,3
1,147,87,0,1
1,147,94,0,1
1,148,71,0,1
1,148,79,0,1
1,148,87,1,2
1,149,68,0,1
1,149,74,0,1
1,149,77,0,2
1,149,79,0,3
1,149,80,0,1
1,150,68,0,1
1,150,72,6,0
1,150,75,0,1
1,150,78,1,10
1,150,85,0,2
1,151,65,0,1
1,151,72,1,0
1,151,76,0,3
1,151,80,0,1
1,151,91,0,1
1,151,92,1,1
1,152,75,0,1
1,152,78,1,1
1,152,88,0,1
1,153,50,0,1
1,153,75,0,1
1,154,38,2,0
1,154,72,0,1
1,154,73,1,1
1,154,74,0,1
1,154,79,0,1
1,154,89,0,4
1,155,71,0,1
1,156,71,0,1
1,156,73,0,1
1,156,77,0,3
1,156,78,0,1
1,156,80,0,1
1,157,76,0,2
1,158,78,0,1
1,159,108,0,1
1,164,73,0,1
1,172,80,0,1
1,182,61,0,1
1,184,92,0,1
1,184,104,0,1
1,193,58,0,1
2,78,76,0,1
2,88,49,0,1
2,94,76,0,1
2,101,80,0,1
2,104,91,0,1
2,109,83,0,1
2,110,106,0,1
2,111,73,0,1
2,113,76,0,3
2,113,100,0,1
2,114,76,0,3
2,114,81,0,1
2,115,79,0,2
2,115,85,0,2
2,116,72,1,0
2,117,79,0,1
2,117,80,0,1
2,118,78,0,1
2,118,79,0,1
2,118,80,0,2
2,119,78,0,1
2,119,79,0,1
2,120,78,0,3
2,121,67,0,2
2,121,94,0,1
2,123,58,1,0
2,123,88,0,1
2,124,70,0,1
2,124,74,0,1
2,126,56,0,2
2,126,65,0,1
2,128,77,0,1
2,129,47,1,1
2,129,60,0,1
2,129,69,0,2
2,129,79,0,1
2,129,88,0,1
2,130,68,0,1
2,130,76,0,1
2,130,77,0,1
2,131,67,0,3
2,131,73,1,4
2,131,76,0,3
2,132,73,0,5
2,132,74,0,2
2,133,53,0,1
2,133,68,0,1
2,133,73,0,1
2,133,76,0,1
2,133,81,0,2
2,133,83,0,1
2,134,58,0,1
2,134,67,0,3
2,134,71,0,1
2,134,72,0,1
2,134,99,1,0
2,135,69,0,1
2,135,80,1,0
2,135,100,0,1
2,136,50,0,2
2,136,66,0,1
2,136,68,0,1
2,136,70,0,3
2,136,72,0,2
2,136,74,0,2
2,136,79,0,1
2,137,65,0,2
2,137,66,0,2
2,137,70,0,1
2,137,72,0,1
2,138,66,0,1
2,138,67,0,3
2,138,71,0,1
2,138,72,0,2
2,138,79,0,77
2,139,50,0,5
2,139,62,0,1
2,139,67,0,1
2,139,69,0,1
2,140,59,0,1
2,140,61,0,1
2,140,66,0,1
2,140,69,0,1
2,140,70,0,1
2,140,78,1,1
2,140,127,0,1
2,141,58,0,1
2,141,67,0,1
2,141,70,1,4
2,143,65,0,1
2,143,75,0,2
2,143,79,0,11
2,143,80,0,2
2,143,81,1,1
2,144,60,0,1
2,144,74,0,1
2,144,79,0,1
2,145,66,0,1
2,145,86,0,1
2,146,64,0,1
2,146,67,0,1
2,146,82,0,1
2,147,71,0,1
2,147,85,0,1
2,147,88,0,2
2,148,73,0,1
2,148,79,0,1
2,148,86,0,1
2,148,87,1,1
2,149,74,0,1
2,149,77,0,1
2,149,78,0,1
2,150,68,0,1
2,150,72,2,0
2,150,78,0,9
2,150,79,0,4
2,150,85,0,2
2,151,75,0,1
2,151,76,1,1
2,151,91,0,1
2,153,78,0,1
2,154,38,3,0
2,154,74,0,1
2,154,75,0,1
2,155,70,1,1
2,155,71,0,2
2,155,73,0,1
2,155,89,0,1
2,156,72,0,1
2,156,77,0,1
2,156,78,0,3
2,164,73,0,2
2,168,67,0,1
2,172,78,0,1
2,175,100,0,1
2,185,77,0,1
2,187,101,0,1
3,100,45,0,1
3,101,58,0,1
3,107,45,0,1
3,109,46,0,1
3,109,72,0,1
3,113,76,0,1
3,114,52,0,2
3,114,81,0,1
3,116,72,1,0
3,118,67,0,1
3,118,78,0,1
3,118,80,0,1
3,119,79,0,2
3,120,76,1,0
3,120,77,0,1
3,120,79,0,1
3,120,99,0,1
3,121,78,0,1
3,122,78,0,2
3,123,58,1,0
3,124,58,0,1
3,124,65,0,1
3,126,52,0,1
3,127,58,0,1
3,129,60,0,1
3,129,69,0,1
3,130,76,0,1
3,131,72,0,6
3,131,73,0,6
3,132,73,1,3
3,132,74,0,1
3,132,76,1,0
3,132,77,1,0
3,133,53,0,1
3,133,79,0,1
3,133,85,0,1
3,134,56,0,1
3,134,61,0,4
3,134,84,0,1
3,134,87,0,1
3,136,68,0,1
3,136,74,0,2
3,137,66,0,1
3,137,70,0,1
3,138,64,0,1
3,138,66,0,1
3,138,67,0,2
3,138,68,0,1
3,138,69,0,1
3,138,72,0,2
3,138,79,0,43
3,139,65,1,2
3,139,67,0,2
3,140,68,0,1
3,140,78,0,1
3,141,60,0,1
3,141,65,0,1
3,141,68,0,1
3,141,70,0,4
3,142,63,0,2
3,142,69,0,1
3,142,79,0,1
3,142,81,0,1
3,142,99,0,1
3,143,75,0,1
3,143,79,0,5
3,143,80,0,1
3,143,82,0,1
3,145,79,0,1
3,145,80,0,1
3,145,87,0,1
3,145,91,0,1
3,146,64,1,2
3,146,66,0,1
3,146,77,0,1
3,146,78,1,0
3,147,66,1,0
3,147,85,1,2
3,147,94,0,1
3,148,71,0,1
3,148,87,1,0
3,148,93,1,1
3,149,77,0,1
3,150,68,0,1
3,150,78,0,3
3,150,79,0,1
3,150,85,0,1
3,151,76,0,1
3,151,79,0,1
3,151,80,0,1
3,151,91,0,1
3,153,74,0,1
3,154,38,3,0
3,154,89,0,1
3,155,71,0,2
3,156,78,0,1
3,161,73,0,1
3,163,91,0,1
4,99,112,0,1
4,103,109,0,1
4,104,79,0,1
4,107,57,0,1
4,116,72,2,0
4,116,79,0,1
4,117,100,0,1
4,118,66,2,2
4,121,96,0,1
4,122,86,0,1
4,126,58,0,1
4,126,70,0,1
4,129,57,0,1
4,129,78,0,1
4,130,60,0,1
4,131,72,1,0
4,132,73,0,1
4,133,85,0,1
4,135,64,0,1
4,135,82,0,1
4,135,83,0,1
4,136,68,0,1
4,136,70,1,2
4,137,48,0,1
4,137,70,0,1
4,137,72,1,0
4,137,76,0,1
4,137,84,0,1
4,138,67,0,4
4,138,79,0,40
4,139,63,0,1
4,139,66,0,1
4,140,67,0,1
4,140,70,0,2
4,140,78,0,3
4,141,69,1,0
4,141,70,0,2
4,141,72,0,1
4,142,69,0,1
4,142,74,0,1
4,143,75,1,0
4,143,79,0,2
4,144,81,0,1
4,146,62,1,1
4,146,64,0,1
4,146,88,0,2
4,148,87,1,1
4,148,88,0,1
4,148,94,0,1
4,149,74,0,1
4,149,75,0,1
4,150,67,0,1
4,150,78,0,2
4,150,79,0,1
4,150,84,0,1
4,150,85,0,1
4,151,76,0,1
4,152,70,0,1
4,154,38,3,0
4,155,71,0,1
4,155,75,0,1
4,155,76,0,1
4,156,78,0,1
4,158,75,0,1
4,166,86,0,1
4,174,65,1,1
4,208,105,0,1
5,94,112,0,1
5,114,76,0,1
5,116,72,2,0
5,120,74,0,1
5,121,69,0,1
5,124,74,0,2
5,125,79,0,1
5,125,81,0,1
5,126,70,0,1
5,129,60,0,3
5,129,68,0,1
5,129,69,0,1
5,130,53,0,1
5,130,77,0,1
5,131,73,0,1
5,131,76,0,1
5,131,78,0,1
5,132,73,0,1
5,133,103,0,1
5,134,61,0,1
5,134,64,0,1
5,134,87,0,1
5,135,77,1,0
5,136,72,1,0
5,136,74,0,1
5,137,66,0,1
5,137,70,0,1
5,137,71,0,2
5,137,79,0,1
5,137,84,1,0
5,138,79,1,41
5,139,70,0,2
5,140,67,0,1
5,140,68,0,1
5,140,69,1,0
5,140,78,0,2
5,141,69,1,0
5,141,72,0,1
5,142,56,0,6
5,142,63,0,1
5,142,69,0,2
5,143,79,0,2
5,143,83,0,1
5,144,74,0,1
5,144,79,0,1
5,144,81,0,1
5,145,66,0,1
5,146,67,0,1
5,146,69,0,1
5,148,87,1,1
5,149,74,0,2
5,149,77,0,1
5,150,68,0,1
5,150,79,0,4
5,151,73,1,0
5,151,76,0,1
5,151,77,0,3
5,151,80,0,2
5,152,59,1,0
5,152,65,0,1
5,152,70,0,1
5,152,88,0,1
5,154,38,2,0
5,155,70,1,0
5,155,71,0,4
5,155,76,0,1
5,156,78,0,3
5,158,74,0,1
6,112,77,0,1
6,114,61,0,1
6,116,72,1,0
6,119,80,0,1
6,119,85,0,1
6,121,79,0,1
6,122,78,0,3
6,124,36,0,1
6,125,79,0,1
6,125,81,0,1
6,130,60,0,1
6,130,68,0,3
6,130,77,0,1
6,131,73,1,1
6,133,56,0,1
6,133,80,0,1
6,133,98,1,0
6,135,95,1,0
6,136,74,0,1
6,137,76,0,1
6,137,83,0,1
6,138,67,0,3
6,138,69,0,1
6,138,72,0,1
6,138,79,1,18
6,140,70,7,1
6,140,84,0,2
6,141,69,1,0
6,141,70,0,1
6,142,69,0,1
6,143,79,0,1
6,147,80,0,1
6,148,87,1,1
6,148,88,0,1
6,149,74,0,2
6,150,68,0,1
6,150,78,1,3
6,150,93,0,1
6,151,76,1,0
6,151,77,0,1
6,151,100,0,1
6,152,75,0,1
6,156,77,0,1
6,161,65,0,1
6,188,66,0,1
6,188,67,0,1
6,190,114,0,1
7,72,121,0,1
7,99,83,0,1
7,103,89,0,1
7,107,57,1,1
7,107,58,0,1
7,107,78,0,1
7,109,72,0,1
7,109,73,0,1
7,113,76,0,1
7,114,114,0,1
7,116,37,1,0
7,116,72,3,0
7,118,55,0,1
7,118,87,0,1
7,118,103,0,1
7,120,78,0,1
7,122,80,0,1
7,123,71,0,1
7,124,74,0,1
7,125,81,0,1
7,126,58,0,1
7,126,83,0,1
7,126,108,0,1
7,128,81,0,2
7,128,88,0,1
7,129,60,0,1
7,129,83,0,1
7,131,71,0,1
7,131,72,0,1
7,131,73,4,3
7,131,76,0,1
7,132,66,0,1
7,132,73,0,1
7,132,74,0,1
7,134,80,0,1
7,135,69,0,1
7,135,76,1,1
7,136,74,0,1
7,137,70,0,1
7,137,78,0,2
7,138,60,0,1
7,138,67,0,1
7,138,68,0,1
7,138,79,3,54
7,141,59,0,1
7,141,70,0,2
7,142,69,0,1
7,143,75,0,1
7,143,80,0,1
7,144,70,0,1
7,146,92,0,1
7,147,66,2,0
7,147,74,2,0
7,147,93,0,1
7,148,87,1,0
7,148,88,0,1
7,148,94,0,2
7,149,83,0,1
7,150,78,0,1
7,151,73,0,1
7,151,79,0,1
7,151,91,0,1
7,152,76,0,1
7,153,89,0,1
7,154,38,2,0
7,155,71,0,1
7,157,83,0,1
7,158,72,0,1
7,158,75,0,1
7,162,82,0,1
7,162,111,0,1
7,164,73,0,1
7,168,74,0,1
7,172,81,0,1
7,179,97,0,1
7,191,113,1,1
8,100,90,0,1
8,101,112,0,1
8,102,89,0,1
8,105,78,0,2
8,105,79,0,5
8,107,57,0,6
8,107,58,0,1
8,109,77,0,1
8,109,83,0,1
8,113,74,0,1
8,113,82,0,1
8,114,61,0,1
8,114,76,0,2
8,116,37,1,0
8,116,72,1,0
8,117,79,0,1
8,117,80,0,2
8,117,84,0,1
8,118,55,0,1
8,118,71,1,0
8,118,78,0,1
8,119,97,0,1
8,120,69,0,1
8,120,70,0,1
8,120,78,0,1
8,120,80,0,1
8,120,84,0,1
8,121,83,1,1
8,121,93,0,1
8,121,94,0,1
8,121,96,0,1
8,122,47,0,1
8,122,79,0,1
8,122,83,0,1
8,122,88,1,0
8,123,71,0,1
8,124,74,0,1
8,125,79,0,1
8,125,85,1,0
8,126,34,1,0
8,126,72,0,1
8,126,87,0,1
8,126,120,0,2
8,128,64,1,1
8,128,88,0,2
8,129,60,0,1
8,129,80,1,0
8,130,60,0,1
8,130,64,0,1
8,130,76,1,1
8,130,81,0,1
8,131,72,0,2
8,131,73,7,9
8,131,81,0,1
8,132,73,1,3
8,133,57,0,1
8,133,59,0,1
8,133,78,0,1
8,133,79,0,1
8,133,85,0,1
8,134,51,1,0
8,134,64,0,1
8,134,66,0,2
8,134,72,0,2
8,134,95,0,1
8,135,67,0,1
8,135,68,0,1
8,135,75,0,1
8,135,76,0,1
8,135,81,0,1
8,136,50,0,1
8,136,56,0,1
8,136,68,0,1
8,136,70,1,3
8,136,77,0,1
8,137,45,0,2
8,137,63,0,1
8,137,64,0,1
8,137,65,0,2
8,137,70,0,1
8,137,129,0,1
8,138,39,1,1
8,138,67,0,2
8,138,71,0,1
8,138,72,0,2
8,138,79,2,90
8,139,77,0,1
8,139,78,0,1
8,140,69,1,0
8,140,70,1,2
8,141,65,0,1
8,141,67,1,1
8,141,68,0,1
8,141,69,1,1
8,141,70,0,4
8,141,78,0,2
8,141,82,0,1
8,142,66,0,1
8,142,69,0,1
8,142,78,0,2
8,142,82,0,1
8,142,86,0,1
8,143,79,0,17
8,144,60,0,1
8,144,65,0,1
8,144,74,0,1
8,144,85,0,1
8,145,83,0,1
8,145,84,0,1
8,145,85,0,1
8,145,89,0,1
8,146,67,0,1
8,146,82,0,2
8,147,64,0,1
8,147,68,0,1
8,147,80,0,1
8,148,55,0,1
8,148,72,0,1
8,148,83,0,1
8,148,86,0,1
8,148,87,1,0
8,148,94,0,1
8,149,74,0,3
8,149,77,0,1
8,149,84,0,1
8,150,78,0,7
8,150,80,0,1
8,150,85,0,2
8,150,89,0,1
8,150,113,0,1
8,151,73,0,1
8,151,77,0,2
8,152,66,0,1
8,153,72,0,1
8,153,73,0,1
8,153,74,0,1
8,153,88,0,1
8,154,38,2,0
8,154,70,0,1
8,154,73,0,4
8,154,89,0,1
8,155,71,0,5
8,155,79,0,1
8,155,81,0,1
8,156,78,0,1
8,158,70,0,1
8,163,72,0,1
8,163,91,0,1
8,168,102,0,1
8,177,55,1,1
8,179,47,0,1
8,180,58,0,1
8,182,61,0,1
8,187,62,0,2
8,208,105,0,1
9,74,119,0,1
9,78,76,0,1
9,79,86,0,1
9,81,71,0,1
9,99,112,0,1
9,101,95,0,1
9,102,12,0,1
9,104,101,0,1
9,105,79,0,2
9,107,57,1,3
9,107,75,0,1
9,109,72,0,1
9,109,78,0,1
9,110,82,0,1
9,110,106,1,1
9,111,79,0,1
9,111,105,0,1
9,113,91,0,1
9,114,76,0,4
9,114,81,0,2
9,116,37,1,0
9,116,72,1,0
9,116,81,0,1
9,117,78,0,1
9,117,79,0,4
9,117,81,0,1
9,118,78,0,1
9,118,80,0,1
9,118,81,0,1
9,118,103,1,0
9,119,78,0,8
9,119,79,0,2
9,119,98,0,1
9,120,74,0,1
9,120,78,0,2
9,120,86,0,1
9,121,77,0,2
9,121,78,0,1
9,121,79,0,1
9,122,67,0,1
9,122,73,0,1
9,122,78,0,1
9,122,80,0,1
9,122,83,0,1
9,123,76,0,1
9,124,36,0,1
9,124,63,1,1
9,124,74,0,1
9,125,68,0,1
9,125,79,0,2
9,125,93,0,1
9,126,58,0,2
9,126,70,0,1
9,126,74,0,1
9,126,83,0,1
9,126,120,0,3
9,127,58,0,2
9,127,81,0,1
9,127,86,0,1
9,128,72,0,1
9,128,73,0,1
9,129,68,0,1
9,129,69,0,2
9,129,76,0,1
9,129,91,0,1
9,130,76,1,1
9,130,79,0,1
9,131,67,0,1
9,131,70,1,0
9,131,72,0,3
9,131,73,2,6
9,131,75,0,1
9,131,76,1,2
9,131,80,0,1
9,131,81,0,1
9,132,58,0,1
9,132,70,0,1
9,132,73,0,3
9,132,74,0,4
9,132,76,0,1
9,132,81,0,1
9,133,53,0,1
9,133,56,0,1
9,133,85,0,2
9,133,95,0,1
9,133,103,0,1
9,134,64,0,4
9,134,66,0,3
9,134,67,0,1
9,134,68,0,1
9,134,73,0,1
9,134,76,0,1
9,134,81,0,1
9,134,87,0,1
9,134,95,0,1
9,135,69,0,2
9,135,76,0,1
9,135,95,0,1
9,135,100,0,1
9,135,110,0,1
9,136,70,0,3
9,136,71,0,1
9,136,72,0,2
9,136,74,0,3
9,136,76,0,1
9,136,80,0,1
9,136,85,0,1
9,137,62,0,1
9,137,65,0,9
9,137,67,0,2
9,137,68,0,2
9,137,71,0,1
9,137,73,0,3
9,137,77,0,1
9,137,78,0,1
9,137,84,1,1
9,138,61,1,0
9,138,64,0,1
9,138,66,0,1
9,138,67,0,5
9,138,69,0,2
9,138,71,0,1
9,138,72,0,5
9,138,79,4,185
9,139,19,0,1
9,139,49,0,1
9,139,50,0,1
9,139,56,0,1
9,139,69,0,1
9,139,74,0,1
9,140,32,0,1
9,140,57,0,1
9,140,61,0,1
9,140,68,0,1
9,140,84,0,1
9,140,92,0,2
9,141,58,0,1
9,141,69,1,0
9,141,70,0,8
9,141,72,0,1
9,141,73,0,1
9,141,78,0,1
9,141,96,0,1
9,142,52,0,1
9,142,60,1,1
9,142,63,0,1
9,142,64,0,1
9,142,66,0,1
9,142,69,0,1
9,143,63,0,1
9,143,79,1,15
9,143,80,0,1
9,144,55,0,1
9,144,62,0,1
9,144,90,0,1
9,144,132,0,1
9,145,57,0,1
9,145,80,0,1
9,145,83,0,1
9,145,85,0,1
9,146,63,0,1
9,146,64,1,2
9,146,82,0,1
9,146,83,0,1
9,147,77,0,1
9,147,81,0,1
9,147,83,0,1
9,147,85,0,1
9,147,86,0,1
9,147,87,0,1
9,148,73,0,1
9,148,76,0,1
9,148,82,0,2
9,148,87,1,0
9,148,94,1,1
9,149,62,0,1
9,149,74,0,1
9,149,77,0,4
9,149,90,0,1
9,150,70,0,1
9,150,78,0,7
9,150,79,0,1
9,151,90,0,1
9,151,101,1,0
9,152,70,0,2
9,152,72,0,4
9,152,73,0,3
9,152,78,0,1
9,152,100,0,1
9,153,55,0,1
9,153,80,0,1
9,154,38,1,0
9,154,71,0,1
9,154,74,0,1
9,155,71,0,7
9,155,79,0,1
9,156,71,0,2
9,156,75,1,2
9,156,78,0,1
9,157,66,0,1
9,157,83,0,1
9,157,84,0,1
9,158,70,0,1
9,160,67,0,1
9,160,79,0,1
9,163,99,0,1
9,164,67,0,1
9,165,71,0,2
9,165,87,0,1
9,167,106,0,1
9,167,115,0,1
9,169,94,0,1
9,169,115,0,1
9,170,70,1,0
9,172,78,0,1
9,174,65,0,3
9,179,52,0,2
9,179,95,0,1
9,180,64,0,1
9,182,64,1,1
9,188,98,0,1
9,189,71,0,1
9,192,61,0,1
9,208,105,0,1
10,79,86,0,1
10,85,68,0,1
10,90,66,0,1
10,90,114,0,1
10,93,105,0,1
10,94,112,0,1
10,99,77,1,1
10,100,107,0,1
10,103,81,0,2
10,103,104,0,2
10,105,79,0,7
10,105,80,1,0
10,106,100,0,1
10,107,57,0,6
10,107,58,0,1
10,107,78,0,1
10,108,72,0,2
10,109,72,0,1
10,109,73,0,1
10,110,65,1,1
10,110,68,0,1
10,110,77,0,1
10,110,91,0,1
10,111,82,0,1
10,113,76,0,1
10,113,81,0,1
10,113,86,0,2
10,114,76,0,1
10,114,86,0,1
10,114,104,0,1
10,115,52,0,1
10,115,82,0,1
10,115,96,0,1
10,116,37,1,0
10,116,72,1,0
10,116,80,0,1
10,116,99,0,1
10,117,79,0,2
10,117,80,0,1
10,117,81,0,1
10,117,83,0,1
10,118,78,0,1
10,118,80,0,1
10,118,103,1,0
10,119,78,0,9
10,119,79,0,1
10,120,57,0,1
10,120,78,0,4
10,120,93,0,1
10,121,66,0,1
10,121,73,0,1
10,121,77,0,1
10,121,78,0,2
10,121,80,0,1
10,122,78,0,1
10,122,80,0,3
10,122,86,0,3
10,123,57,0,3
10,123,77,0,1
10,123,92,1,0
10,124,36,0,1
10,124,57,0,1
10,124,59,0,1
10,124,74,0,3
10,125,61,0,1
10,125,78,0,1
10,125,79,0,3
10,125,103,0,1
10,126,58,0,1
10,126,85,0,1
10,126,93,0,1
10,127,52,0,1
10,127,58,0,1
10,127,67,0,1
10,127,85,0,2
10,127,86,0,1
10,127,89,1,0
10,128,61,1,0
10,128,72,0,1
10,128,73,0,2
10,128,80,0,1
10,128,84,0,1
10,128,88,0,1
10,128,94,0,1
10,129,60,0,1
10,129,62,0,1
10,129,69,2,3
10,129,76,0,1
10,129,77,0,1
10,129,80,1,4
10,129,91,0,1
10,130,72,0,1
10,130,76,0,1
10,130,77,0,2
10,130,94,0,1
10,131,67,0,2
10,131,72,1,3
10,131,73,4,13
10,131,74,0,1
10,131,76,2,9
10,131,84,0,1
10,132,68,0,1
10,132,72,0,1
10,132,73,0,6
10,132,74,0,6
10,132,76,0,2
10,132,81,0,2
10,133,53,0,1
10,133,67,0,1
10,133,70,0,1
10,133,85,1,2
10,134,52,0,1
10,134,64,0,4
10,134,66,0,2
10,134,68,0,1
10,134,70,1,1
10,134,72,0,2
10,134,87,0,2
10,134,95,0,1
10,134,99,6,0
10,135,49,0,1
10,135,59,0,1
10,135,66,0,1
10,135,69,0,1
10,135,71,0,2
10,135,76,0,4
10,135,94,0,1
10,135,95,0,1
10,136,55,0,2
10,136,60,0,1
10,136,67,0,1
10,136,68,1,2
10,136,69,0,1
10,136,70,0,5
10,136,71,0,1
10,136,74,1,1
10,136,76,0,1
10,136,85,0,1
10,137,45,0,1
10,137,61,0,1
10,137,65,2,7
10,137,66,0,2
10,137,70,0,1
10,137,71,0,2
10,137,72,0,2
10,137,83,1,0
10,138,60,0,1
10,138,61,0,1
10,138,66,0,1
10,138,67,0,6
10,138,68,0,2
10,138,69,1,8
10,138,71,0,2
10,138,72,0,9
10,138,79,10,240
10,139,53,0,1
10,139,62,0,1
10,139,67,0,1
10,139,70,0,1
10,139,71,1,0
10,139,74,0,1
10,139,80,0,1
10,140,48,0,1
10,140,56,0,2
10,140,63,0,1
10,140,65,0,1
10,140,66,1,3
10,140,67,0,1
10,140,70,1,3
10,140,71,1,1
10,140,73,0,2
10,140,78,0,3
10,140,84,0,1
10,140,92,0,2
10,141,59,0,2
10,141,67,0,1
10,141,68,0,1
10,141,69,0,2
10,141,70,1,17
10,141,78,0,1
10,141,82,0,1
10,142,60,0,1
10,142,64,0,1
10,142,66,0,1
10,142,69,0,1
10,142,71,0,1
10,142,85,0,1
10,143,44,0,1
10,143,49,0,1
10,143,70,0,1
10,143,75,0,2
10,143,79,1,30
10,143,80,0,1
10,143,81,0,1
10,144,64,0,1
10,144,79,1,3
10,144,81,0,1
10,144,85,0,1
10,144,94,0,1
10,144,132,0,1
10,145,49,0,1
10,145,85,1,1
10,146,55,0,1
10,146,62,0,1
10,146,64,0,5
10,146,67,0,4
10,146,78,0,3
10,146,82,0,2
10,146,85,0,1
10,146,89,0,1
10,147,53,0,1
10,147,66,3,0
10,147,71,0,1
10,147,75,0,1
10,147,79,0,1
10,147,80,0,1
10,147,81,1,1
10,147,94,0,2
10,148,68,0,1
10,148,71,0,1
10,148,72,1,1
10,148,75,0,1
10,148,79,0,1
10,148,86,0,1
10,148,87,1,2
10,148,94,0,4
10,149,74,0,1
10,149,75,0,1
10,149,77,0,1
10,149,78,0,1
10,149,79,0,1
10,149,84,0,1
10,149,88,0,1
10,150,67,0,1
10,150,78,0,11
10,150,79,0,1
10,150,85,0,5
10,151,72,0,1
10,151,77,1,1
10,151,80,0,1
10,151,84,0,1
10,151,91,1,1
10,152,55,0,1
10,152,66,0,1
10,152,76,0,2
10,152,91,0,1
10,153,74,1,2
10,154,38,1,0
10,154,74,1,1
10,154,89,0,1
10,155,68,0,1
10,155,70,0,1
10,155,71,0,12
10,155,72,0,1
10,155,79,0,3
10,155,85,0,1
10,156,70,0,1
10,156,75,1,2
10,156,80,0,2
10,157,67,0,1
10,157,83,0,2
10,158,72,0,1
10,158,75,0,2
10,159,76,0,1
10,159,87,1,1
10,160,79,0,1
10,163,77,0,1
10,164,66,0,1
10,164,73,0,1
10,164,76,0,1
10,166,74,0,1
10,169,78,0,1
10,174,65,0,2
10,174,85,0,1
10,174,108,0,1
10,176,108,0,1
10,178,70,0,1
10,180,64,0,1
10,181,62,1,1
10,182,68,0,1
10,224,101,0,1
11,72,121,0,1
11,79,118,0,1
11,82,61,0,1
11,85,68,0,1
11,86,50,2,2
11,86,64,0,1
11,90,108,0,1
11,93,105,0,2
11,94,76,0,3
11,99,112,0,2
11,100,45,0,1
11,100,65,0,1
11,100,116,0,2
11,103,78,1,0
11,103,80,1,0
11,103,111,0,1
11,105,79,1,16
11,106,82,0,1
11,107,57,2,3
11,108,74,0,2
11,109,73,0,1
11,109,78,0,3
11,109,100,0,1
11,110,61,0,1
11,110,65,0,1
11,110,78,0,1
11,111,70,0,1
11,111,79,0,1
11,112,70,0,1
11,112,76,0,2
11,112,77,0,1
11,112,88,0,1
11,112,101,0,1
11,113,74,0,1
11,113,80,0,1
11,113,83,1,1
11,113,86,0,2
11,113,100,0,1
11,114,76,0,7
11,114,81,0,1
11,115,80,0,3
11,116,37,1,0
11,116,72,1,0
11,116,82,0,1
11,117,52,0,1
11,117,55,0,1
11,117,82,0,1
11,118,49,0,1
11,118,69,0,1
11,118,78,0,2
11,118,80,1,5
11,118,88,0,2
11,119,57,4,4
11,119,78,1,5
11,119,79,0,2
11,119,87,0,1
11,119,99,0,1
11,120,75,0,1
11,120,78,0,4
11,120,79,0,1
11,120,95,1,1
11,120,99,0,1
11,120,101,0,1
11,121,56,0,1
11,121,69,0,1
11,121,78,0,3
11,121,79,1,0
11,123,59,0,1
11,123,76,0,1
11,123,88,0,1
11,123,94,0,1
11,124,67,0,1
11,124,74,0,1
11,124,80,0,2
11,125,81,0,3
11,125,82,0,2
11,126,50,0,1
11,126,56,0,1
11,126,60,0,1
11,126,83,0,1
11,126,99,0,1
11,127,78,1,1
11,127,81,0,1
11,127,88,0,1
11,127,89,0,1
11,128,73,0,5
11,128,79,1,1
11,128,85,0,1
11,128,86,0,1
11,129,53,0,2
11,129,55,0,1
11,129,60,1,0
11,129,65,0,1
11,129,69,1,4
11,129,73,0,1
11,129,76,0,2
11,129,82,0,1
11,129,88,0,1
11,130,76,3,3
11,130,77,0,4
11,130,95,0,2
11,130,110,0,1
11,131,67,0,1
11,131,72,1,2
11,131,73,2,11
11,131,75,0,1
11,131,76,0,2
11,131,80,0,1
11,131,81,0,1
11,132,55,0,1
11,132,58,0,2
11,132,60,0,1
11,132,73,0,4
11,132,74,0,3
11,132,76,0,2
11,132,81,0,1
11,132,100,1,1
11,132,108,0,1
11,133,52,1,1
11,133,53,0,2
11,133,66,0,2
11,133,67,0,1
11,133,68,0,1
11,133,70,0,1
11,133,85,0,1
11,134,58,0,1
11,134,64,0,1
11,134,68,0,2
11,134,69,0,3
11,134,70,0,1
11,134,71,0,2
11,134,72,0,3
11,134,73,0,1
11,134,75,0,1
11,134,81,0,1
11,134,87,0,3
11,135,38,0,1
11,135,66,0,2
11,135,71,1,0
11,135,74,0,1
11,135,75,0,1
11,135,76,0,4
11,135,83,0,1
11,135,93,0,2
11,135,95,0,1
11,136,41,0,4
11,136,50,0,1
11,136,55,0,1
11,136,65,0,1
11,136,67,1,2
11,136,69,0,3
11,136,70,1,4
11,136,71,0,3
11,136,73,0,2
11,136,74,0,3
11,136,79,0,2
11,136,81,0,1
11,136,85,0,1
11,136,89,0,1
11,137,52,0,1
11,137,61,0,1
11,137,65,1,5
11,137,67,1,2
11,137,68,0,2
11,137,69,0,1
11,137,70,0,2
11,137,75,0,1
11,137,83,0,1
11,138,60,0,5
11,138,62,0,1
11,138,66,0,4
11,138,67,1,6
11,138,68,1,1
11,138,69,1,1
11,138,72,1,4
11,138,79,7,224
11,139,50,0,1
11,139,62,0,1
11,139,67,0,1
11,139,71,2,0
11,139,74,0,1
11,139,75,0,1
11,140,57,0,1
11,140,61,0,1
11,140,62,0,1
11,140,63,0,1
11,140,64,0,1
11,140,65,0,1
11,140,66,0,1
11,140,67,0,1
11,140,68,1,1
11,140,69,0,1
11,140,70,0,3
11,140,74,0,1
11,140,78,0,5
11,140,82,0,1
11,140,92,0,1
11,141,45,0,1
11,141,61,0,2
11,141,66,0,1
11,141,67,3,4
11,141,68,0,1
11,141,69,1,0
11,141,70,1,13
11,141,78,0,2
11,141,124,0,1
11,142,60,0,1
11,142,62,1,0
11,142,63,0,1
11,142,67,0,2
11,142,69,0,1
11,142,78,0,1
11,142,79,0,1
11,142,81,0,1
11,142,83,0,1
11,142,86,0,2
11,143,62,1,1
11,143,63,0,2
11,143,75,0,2
11,143,79,0,26
11,143,80,1,3
11,143,82,0,1
11,143,85,0,1
11,143,122,0,1
11,144,71,0,1
11,144,74,0,2
11,144,83,0,1
11,144,84,0,1
11,144,85,0,1
11,144,90,0,2
11,145,65,0,1
11,145,80,0,1
11,145,84,0,1
11,145,85,0,1
11,145,87,0,1
11,145,89,0,1
11,146,65,1,2
11,146,67,0,5
11,146,69,0,2
11,146,81,0,1
11,146,84,0,1
11,147,30,0,1
11,147,66,1,0
11,147,69,0,1
11,147,75,0,2
11,147,85,0,1
11,147,94,0,2
11,148,55,0,1
11,148,73,0,2
11,148,85,0,1
11,148,87,1,1
11,148,92,0,1
11,149,71,0,1
11,149,74,0,2
11,149,77,0,2
11,149,78,0,1
11,149,79,0,2
11,149,88,0,1
11,149,89,0,1
11,150,68,0,1
11,150,72,3,0
11,150,74,0,1
11,150,78,1,18
11,150,85,1,5
11,150,103,0,1
11,151,71,0,2
11,151,75,0,3
11,151,76,0,1
11,151,77,1,2
11,151,79,0,2
11,151,81,0,1
11,152,66,0,1
11,152,72,0,2
11,152,73,0,1
11,152,77,0,1
11,152,78,0,2
11,152,79,0,1
11,152,80,0,3
11,152,100,0,1
11,153,55,0,2
11,153,72,0,1
11,153,74,0,3
11,153,80,1,1
11,154,70,1,0
11,154,74,0,3
11,154,75,0,1
11,154,90,0,1
11,155,56,0,1
11,155,70,0,1
11,155,71,0,14
11,155,79,0,1
11,155,85,0,1
11,156,73,0,1
11,156,75,0,1
11,156,76,0,2
11,156,78,0,1
11,156,80,0,1
11,157,66,0,1
11,157,73,0,2
11,157,74,0,2
11,157,75,0,1
11,157,81,0,1
11,157,83,0,6
11,159,57,0,2
11,159,79,0,1
11,159,87,0,1
11,160,79,0,1
11,161,44,0,1
11,162,85,0,1
11,164,56,1,2
11,164,71,1,1
11,164,76,0,1
11,165,71,0,1
11,166,56,0,1
11,168,90,0,2
11,169,78,0,3
11,170,80,1,0
11,170,93,0,1
11,171,76,0,1
11,174,85,0,1
11,175,58,0,1
11,176,107,0,1
11,177,96,0,1
11,178,70,0,2
11,178,94,0,1
11,179,54,0,1
11,180,63,0,1
11,180,64,0,1
11,181,104,0,2
11,183,69,0,1
11,184,99,0,1
11,187,62,0,1
11,187,96,0,1
11,187,101,0,2
11,188,98,0,1
11,189,62,0,1
11,189,97,0,1
11,193,58,0,1
11,199,98,0,1
11,207,140,0,1
11,208,105,0,1
11,215,107,0,1
12,64,115,0,1
12,67,113,0,1
12,73,122,0,1
12,74,119,0,1
12,75,119,0,1
12,78,62,0,1
12,79,62,1,0
12,87,66,0,1
12,89,43,0,1
12,90,31,0,1
12,90,114,0,1
12,93,32,1,0
12,93,86,0,1
12,94,34,1,0
12,95,73,0,1
12,95,83,0,1
12,97,83,1,1
12,98,80,0,1
12,100,45,0,2
12,102,37,0,1
12,103,79,0,1
12,103,81,0,1
12,103,89,0,1
12,104,42,0,1
12,104,79,0,1
12,104,81,0,2
12,105,74,0,1
12,105,78,0,1
12,105,79,2,9
12,105,110,0,1
12,106,82,0,4
12,107,57,0,5
12,107,58,0,1
12,107,64,0,1
12,108,72,0,1
12,108,76,0,1
12,109,57,1,0
12,109,72,0,3
12,109,73,0,1
12,109,92,0,1
12,109,103,0,1
12,110,72,0,1
12,110,74,0,3
12,110,76,0,1
12,110,78,0,1
12,110,106,0,2
12,112,70,0,1
12,112,77,0,1
12,112,78,0,1
12,112,79,0,1
12,112,116,0,1
12,113,53,10,0
12,113,74,0,2
12,113,76,0,1
12,113,81,1,2
12,113,83,0,1
12,113,96,1,0
12,113,100,0,1
12,114,76,0,7
12,114,80,0,2
12,114,81,0,2
12,114,86,0,1
12,115,76,0,1
12,115,80,0,4
12,115,85,0,1
12,116,37,1,0
12,116,72,1,0
12,116,86,0,1
12,117,78,0,1
12,117,81,0,2
12,117,110,0,1
12,118,66,0,1
12,118,68,0,1
12,118,71,0,1
12,118,72,0,1
12,118,78,0,2
12,118,79,0,2
12,118,80,0,4
12,118,83,0,1
12,118,93,0,1
12,118,99,0,1
12,118,117,0,1
12,119,57,5,5
12,119,66,0,1
12,119,78,0,2
12,119,79,0,1
12,119,80,0,1
12,119,97,0,2
12,119,99,0,2
12,120,78,1,8
12,120,99,0,2
12,120,106,1,0
12,121,66,0,1
12,121,70,0,1
12,121,73,0,1
12,121,78,0,4
12,121,79,0,4
12,121,94,0,1
12,121,103,0,1
12,122,68,0,1
12,122,69,0,1
12,122,72,0,1
12,122,78,0,2
12,122,79,0,5
12,122,80,0,2
12,122,97,1,1
12,123,59,0,1
12,123,70,0,1
12,124,48,0,1
12,124,56,0,1
12,124,59,0,2
12,124,66,0,1
12,124,81,0,1
12,125,68,0,1
12,125,77,0,1
12,125,80,0,1
12,125,81,0,1
12,125,87,0,1
12,125,101,0,1
12,125,109,0,2
12,126,31,0,1
12,126,58,0,1
12,126,68,0,1
12,126,70,0,1
12,126,81,0,1
12,126,84,0,1
12,126,86,0,2
12,126,87,0,1
12,126,110,0,3
12,127,58,0,4
12,127,85,1,2
12,127,86,0,1
12,128,72,0,2
12,128,73,1,6
12,128,79,1,0
12,128,80,0,2
12,128,81,0,1
12,129,64,0,1
12,129,69,0,1
12,129,76,0,3
12,129,78,0,1
12,129,88,0,1
12,130,68,0,4
12,130,72,0,1
12,130,73,0,1
12,130,76,0,1
12,130,77,0,3
12,130,78,0,1
12,130,80,0,1
12,130,83,0,1
12,130,95,0,3
12,131,63,1,0
12,131,67,0,4
12,131,72,2,7
12,131,73,3,11
12,131,76,1,7
12,132,59,0,1
12,132,66,0,1
12,132,67,0,1
12,132,72,0,1
12,132,73,0,14
12,132,74,2,8
12,132,76,0,2
12,132,81,0,3
12,132,96,0,1
12,133,53,0,1
12,133,59,0,1
12,133,70,0,1
12,133,71,0,1
12,133,85,0,4
12,134,26,0,1
12,134,59,0,1
12,134,68,0,1
12,134,69,0,1
12,134,71,0,1
12,134,72,0,1
12,134,87,0,4
12,134,95,0,1
12,135,66,0,3
12,135,69,0,1
12,135,72,0,1
12,135,73,0,1
12,135,76,0,3
12,135,77,0,2
12,135,82,0,1
12,135,83,0,4
12,136,67,0,2
12,136,68,0,1
12,136,70,0,2
12,136,71,0,3
12,136,72,0,3
12,136,73,0,2
12,136,74,0,2
12,136,81,0,1
12,136,87,0,1
12,136,101,0,1
12,137,42,0,1
12,137,61,0,4
12,137,63,0,1
12,137,65,0,10
12,137,68,0,2
12,137,70,0,5
12,137,71,0,1
12,137,72,0,1
12,137,73,0,1
12,137,75,0,1
12,137,77,0,1
12,137,81,1,0
12,137,84,0,1
12,137,85,0,1
12,138,56,0,1
12,138,60,0,3
12,138,61,0,5
12,138,62,0,1
12,138,64,0,2
12,138,66,0,1
12,138,67,0,14
12,138,69,0,3
12,138,71,0,2
12,138,72,1,7
12,138,79,8,210
12,138,80,0,1
12,139,50,0,2
12,139,56,0,2
12,139,68,0,1
12,139,69,0,1
12,139,70,0,1
12,139,72,0,1
12,139,74,0,1
12,140,62,0,3
12,140,66,0,5
12,140,67,0,1
12,140,69,0,1
12,140,70,1,1
12,140,71,1,0
12,140,78,0,2
12,140,92,1,2
12,141,61,0,1
12,141,65,0,1
12,141,67,0,2
12,141,68,0,2
12,141,69,1,1
12,141,70,2,12
12,141,71,0,1
12,141,78,1,0
12,141,79,0,1
12,142,60,0,2
12,142,62,0,1
12,142,63,0,1
12,142,64,0,1
12,142,69,0,1
12,142,78,0,1
12,142,79,0,1
12,142,86,0,2
12,143,62,0,2
12,143,63,1,1
12,143,73,0,3
12,143,75,0,1
12,143,76,0,1
12,143,77,1,1
12,143,78,0,1
12,143,79,0,29
12,143,80,0,2
12,143,81,0,1
12,143,82,0,1
12,144,58,0,1
12,144,60,0,1
12,144,64,0,1
12,144,71,0,1
12,144,72,0,1
12,144,82,0,2
12,144,84,0,1
12,144,90,0,3
12,145,66,0,1
12,145,76,0,1
12,145,83,0,1
12,145,85,0,1
12,145,87,0,2
12,146,67,0,4
12,146,69,0,1
12,146,79,0,1
12,146,82,0,5
12,146,84,0,1
12,146,86,0,3
12,146,87,0,2
12,147,66,2,0
12,147,69,0,1
12,147,71,0,4
12,147,76,0,1
12,147,80,0,4
12,147,83,0,1
12,147,85,0,1
12,147,94,0,2
12,148,51,0,1
12,148,55,0,1
12,148,71,0,1
12,148,73,0,1
12,148,87,1,2
12,148,88,0,2
12,148,94,0,2
12,149,74,0,3
12,149,78,0,1
12,149,79,0,4
12,149,80,0,1
12,149,83,0,1
12,149,89,0,1
12,149,90,0,1
12,149,92,0,1
12,150,72,2,0
12,150,78,0,8
12,150,79,0,1
12,150,80,0,2
12,150,82,0,1
12,150,85,0,7
12,150,91,0,2
12,151,77,0,4
12,151,79,0,1
12,151,86,0,1
12,151,106,0,1
12,152,70,0,3
12,152,72,0,3
12,152,73,0,1
12,152,74,0,1
12,152,75,1,0
12,152,88,0,1
12,153,56,0,1
12,153,73,0,1
12,153,74,0,2
12,153,80,0,1
12,153,88,0,1
12,153,89,0,1
12,154,38,3,0
12,154,70,1,1
12,154,72,0,1
12,154,73,0,1
12,154,74,0,2
12,154,75,0,1
12,154,82,1,0
12,155,71,2,10
12,155,78,2,2
12,155,79,1,0
12,155,81,0,1
12,155,90,0,3
12,156,77,0,1
12,157,74,0,1
12,157,76,0,1
12,157,83,0,12
12,157,84,0,2
12,158,71,1,1
12,158,75,0,1
12,158,94,1,0
12,159,78,0,1
12,159,87,0,2
12,159,108,0,1
12,160,77,0,1
12,160,84,1,2
12,161,73,0,1
12,164,76,0,1
12,164,86,0,1
12,165,119,0,1
12,166,49,0,1
12,167,66,0,2
12,167,115,0,2
12,168,67,0,1
12,168,80,0,1
12,169,94,0,1
12,170,105,0,1
12,171,73,0,1
12,171,86,0,1
12,175,100,0,3
12,176,58,0,1
12,179,108,0,1
12,180,64,0,1
12,187,101,0,1
12,187,102,0,1
12,188,98,0,1
12,189,71,0,1
12,192,59,0,1
12,202,66,0,1
12,203,113,0,1
12,204,111,0,2
13,62,99,0,1
13,67,69,0,1
13,70,122,0,1
13,82,70,0,1
13,83,66,0,1
13,84,66,0,1
13,85,56,0,1
13,90,114,0,1
13,91,78,0,1
13,93,105,0,2
13,93,107,0,4
13,94,76,0,3
13,95,87,0,1
13,97,79,0,1
13,97,81,1,1
13,98,97,0,1
13,99,54,0,1
13,100,45,0,1
13,101,42,0,1
13,101,95,0,1
13,103,22,0,1
13,103,79,0,1
13,103,80,0,1
13,103,81,1,0
13,104,79,0,1
13,104,81,0,1
13,105,44,0,1
13,105,79,2,16
13,105,96,0,1
13,106,82,0,3
13,106,92,1,0
13,107,57,0,4
13,108,72,0,3
13,108,82,0,1
13,108,96,0,1
13,108,104,0,1
13,109,72,0,8
13,109,78,0,4
13,110,29,0,1
13,110,61,0,1
13,110,74,0,1
13,110,82,0,1
13,111,97,0,2
13,112,82,0,1
13,112,88,0,1
13,113,74,0,1
13,113,76,0,1
13,113,78,0,1
13,113,100,0,1
13,114,76,1,4
13,114,86,0,1
13,115,77,0,1
13,115,79,0,1
13,115,80,0,2
13,115,81,0,1
13,115,90,0,1
13,116,37,1,0
13,116,72,1,0
13,116,73,0,1
13,116,80,0,1
13,116,81,0,2
13,116,88,0,1
13,116,89,0,3
13,117,63,0,1
13,117,78,0,2
13,117,80,0,5
13,117,81,0,2
13,117,83,0,1
13,117,110,0,1
13,118,49,0,2
13,118,77,0,1
13,118,78,0,1
13,118,79,1,0
13,118,80,0,6
13,118,87,0,2
13,118,91,0,1
13,118,99,0,1
13,119,57,2,6
13,119,70,0,2
13,119,78,1,4
13,119,79,0,1
13,120,78,1,8
13,120,84,0,1
13,120,96,0,1
13,120,99,0,1
13,121,66,0,1
13,121,70,0,1
13,121,77,1,1
13,121,79,0,1
13,122,66,0,1
13,122,78,0,2
13,122,80,0,2
13,122,82,0,1
13,122,103,1,0
13,122,104,0,1
13,123,70,0,1
13,123,71,0,1
13,123,80,1,1
13,124,59,0,1
13,124,69,0,1
13,124,74,0,3
13,124,77,0,1
13,124,80,0,1
13,125,73,0,1
13,125,75,0,1
13,125,81,0,1
13,125,86,0,1
13,125,87,0,1
13,126,52,0,1
13,126,58,0,1
13,126,60,0,1
13,126,70,0,1
13,126,80,0,2
13,126,87,0,1
13,127,58,0,2
13,127,84,0,1
13,127,85,0,1
13,128,70,0,1
13,128,73,0,11
13,128,77,1,2
13,128,87,0,1
13,129,53,0,1
13,129,69,0,4
13,129,71,0,1
13,129,76,0,6
13,129,82,0,1
13,129,91,0,1
13,130,68,0,1
13,130,73,0,1
13,130,76,0,1
13,130,81,0,1
13,131,67,0,3
13,131,72,0,12
13,131,73,1,14
13,131,76,1,12
13,131,77,0,1
13,131,78,0,1
13,131,80,0,1
13,131,81,0,2
13,132,47,0,1
13,132,65,0,1
13,132,67,0,1
13,132,73,0,11
13,132,74,0,5
13,132,81,0,1
13,133,59,0,1
13,133,73,0,1
13,133,83,0,1
13,133,85,0,1
13,133,86,0,1
13,133,88,0,1
13,134,56,0,2
13,134,64,0,4
13,134,66,0,1
13,134,68,0,1
13,134,69,0,2
13,134,71,0,1
13,134,72,0,3
13,134,74,0,1
13,134,77,0,1
13,134,78,1,1
13,134,87,0,2
13,134,95,0,2
13,135,49,0,1
13,135,61,0,1
13,135,68,0,2
13,135,69,0,1
13,135,71,0,2
13,135,74,0,5
13,135,75,0,2
13,135,76,0,3
13,135,77,0,1
13,135,83,0,2
13,135,85,0,1
13,135,95,0,1
13,136,41,0,1
13,136,55,0,3
13,136,66,1,0
13,136,68,0,1
13,136,69,0,1
13,136,70,0,4
13,136,71,0,1
13,136,72,0,1
13,136,74,0,7
13,136,76,0,1
13,136,81,0,2
13,136,89,0,1
13,137,61,0,5
13,137,62,0,1
13,137,63,0,1
13,137,65,0,10
13,137,66,0,6
13,137,67,0,3
13,137,68,0,3
13,137,69,0,1
13,137,70,0,2
13,137,71,0,1
13,137,73,3,3
13,137,75,0,1
13,137,79,0,2
13,138,60,0,3
13,138,61,0,4
13,138,64,0,1
13,138,65,1,1
13,138,66,1,5
13,138,67,3,12
13,138,69,0,4
13,138,72,0,7
13,138,79,11,237
13,139,50,0,1
13,139,53,0,1
13,139,56,0,1
13,139,62,0,1
13,139,63,0,2
13,139,66,0,1
13,139,72,1,2
13,139,74,0,1
13,139,76,1,0
13,140,57,1,2
13,140,58,0,1
13,140,61,0,4
13,140,62,0,1
13,140,65,0,1
13,140,66,0,1
13,140,67,0,1
13,140,70,9,7
13,140,71,0,2
13,140,78,0,1
13,140,84,0,1
13,140,92,0,5
13,141,65,1,0
13,141,67,4,6
13,141,68,0,1
13,141,70,1,12
13,141,75,0,1
13,141,78,0,1
13,142,62,0,2
13,142,64,0,3
13,142,67,0,1
13,142,69,1,3
13,142,74,0,1
13,142,79,0,1
13,142,85,4,0
13,142,86,1,4
13,143,59,0,1
13,143,60,0,1
13,143,63,1,2
13,143,64,0,1
13,143,68,0,1
13,143,74,0,1
13,143,75,0,4
13,143,79,1,42
13,143,80,0,2
13,144,70,0,1
13,144,74,1,1
13,144,79,0,1
13,144,80,1,1
13,144,82,0,1
13,144,83,0,2
13,144,90,0,1
13,145,57,0,2
13,145,71,0,1
13,145,84,1,1
13,145,85,0,2
13,145,91,0,1
13,146,62,0,1
13,146,64,0,2
13,146,65,2,1
13,146,67,5,16
13,146,72,0,1
13,146,78,1,4
13,146,80,0,1
13,146,82,0,5
13,146,84,0,1
13,147,30,0,1
13,147,71,0,1
13,147,79,0,1
13,147,80,0,2
13,147,82,0,1
13,147,83,0,1
13,147,87,0,1
13,147,89,0,1
13,147,94,0,1
13,148,55,0,1
13,148,81,0,2
13,148,87,1,5
13,148,88,0,2
13,149,71,0,1
13,149,72,0,1
13,149,74,0,2
13,149,77,0,5
13,149,78,0,1
13,149,79,1,4
13,150,65,0,1
13,150,72,1,0
13,150,77,0,1
13,150,78,1,24
13,150,85,1,8
13,150,88,0,1
13,150,89,0,1
13,150,91,0,1
13,150,98,0,2
13,150,103,0,1
13,151,71,1,1
13,151,72,0,1
13,151,75,0,1
13,151,76,0,1
13,151,77,0,4
13,151,79,0,2
13,151,81,0,1
13,151,86,0,2
13,151,91,0,1
13,152,66,0,1
13,152,70,0,3
13,152,72,0,3
13,152,73,0,1
13,152,74,0,1
13,152,77,0,1
13,152,80,0,2
13,152,83,0,1
13,152,86,0,2
13,152,99,0,1
13,152,100,0,1
13,153,38,0,1
13,153,56,0,3
13,153,73,0,1
13,153,74,0,2
13,153,75,0,1
13,153,79,0,1
13,153,80,0,2
13,153,83,0,1
13,154,63,0,1
13,154,70,0,1
13,154,74,0,4
13,154,75,1,0
13,155,65,0,1
13,155,71,0,9
13,155,72,0,1
13,155,90,0,5
13,156,77,0,1
13,156,78,0,1
13,156,80,0,1
13,157,62,0,1
13,157,83,0,5
13,157,93,0,1
13,158,63,0,1
13,158,75,0,1
13,159,73,0,1
13,159,87,1,2
13,159,94,0,1
13,160,57,0,1
13,160,67,0,1
13,160,84,0,1
13,160,113,0,1
13,164,76,0,1
13,164,90,0,1
13,165,50,0,1
13,165,87,0,2
13,166,94,0,1
13,167,81,0,1
13,167,115,0,1
13,168,75,0,1
13,169,73,0,1
13,169,75,1,0
13,169,94,0,1
13,171,69,0,1
13,172,78,0,1
13,175,58,0,1
13,177,107,0,1
13,178,72,0,1
13,179,120,0,1
13,180,73,0,1
13,181,104,0,1
13,183,69,0,1
13,187,62,0,1
13,187,102,0,1
13,192,57,0,1
13,201,113,0,1
13,208,105,0,2
14,62,99,0,2
14,72,121,0,1
14,73,75,0,1
14,74,119,0,2
14,78,79,1,0
14,78,82,0,1
14,79,62,0,1
14,79,81,0,1
14,80,62,0,1
14,82,68,0,1
14,84,34,0,1
14,85,113,0,1
14,93,107,0,6
14,94,110,0,1
14,95,83,0,4
14,96,81,0,2
14,96,96,0,2
14,97,81,1,0
14,99,72,0,1
14,99,112,0,1
14,100,116,0,2
14,101,80,0,1
14,101,95,1,1
14,102,37,0,1
14,102,80,1,0
14,102,82,0,1
14,102,89,0,1
14,103,79,1,0
14,103,104,0,1
14,103,115,0,1
14,104,81,0,1
14,104,101,0,1
14,105,44,0,2
14,105,79,1,11
14,106,77,0,1
14,107,57,0,1
14,107,58,0,1
14,108,57,0,1
14,108,72,0,2
14,108,105,0,2
14,109,72,0,15
14,109,73,0,1
14,109,100,0,1
14,109,102,0,1
14,111,81,0,1
14,112,76,0,1
14,112,82,0,2
14,113,76,0,1
14,113,81,0,2
14,113,94,1,0
14,113,100,0,1
14,114,76,0,8
14,114,78,0,1
14,115,80,1,1
14,115,85,0,1
14,116,37,1,0
14,116,72,1,0
14,116,80,0,1
14,116,81,0,1
14,116,87,0,2
14,116,89,0,1
14,116,90,0,2
14,117,78,0,2
14,117,80,0,3
14,117,81,0,2
14,118,55,0,1
14,118,77,0,2
14,118,78,0,5
14,118,79,3,1
14,118,80,0,2
14,118,87,0,1
14,119,62,0,1
14,119,66,0,1
14,119,78,0,2
14,119,79,1,2
14,119,90,0,1
14,120,44,0,1
14,120,69,0,1
14,120,78,3,8
14,120,79,0,1
14,120,86,0,1
14,120,112,0,1
14,121,77,0,4
14,121,78,0,1
14,121,79,0,1
14,121,80,0,1
14,121,119,0,1
14,122,76,0,1
14,122,78,0,2
14,122,80,0,1
14,122,81,0,1
14,122,82,0,1
14,122,83,0,1
14,122,96,0,1
14,123,69,1,0
14,123,87,0,1
14,124,56,0,2
14,124,58,0,1
14,124,70,1,0
14,124,74,0,6
14,124,80,0,1
14,125,77,0,1
14,125,78,1,1
14,125,79,0,1
14,125,81,0,2
14,125,87,0,1
14,125,96,0,1
14,125,99,0,1
14,126,25,0,1
14,126,56,0,1
14,126,58,1,2
14,126,60,0,1
14,126,61,0,1
14,126,68,0,1
14,126,99,0,1
14,126,112,0,6
14,127,81,0,1
14,127,82,0,1
14,127,85,0,2
14,127,86,0,1
14,128,59,0,1
14,128,73,0,21
14,128,77,0,1
14,128,79,0,4
14,128,83,0,1
14,128,84,0,1
14,128,86,0,1
14,128,98,0,1
14,129,69,0,1
14,130,63,0,1
14,130,68,1,6
14,130,72,0,1
14,130,76,0,3
14,130,77,0,2
14,131,39,0,1
14,131,60,0,1
14,131,67,0,4
14,131,72,2,10
14,131,73,3,18
14,131,76,1,5
14,131,78,0,1
14,131,81,0,1
14,131,86,0,1
14,132,66,1,0
14,132,72,0,1
14,132,73,1,12
14,132,74,1,11
14,132,76,0,2
14,132,77,4,0
14,132,81,0,1
14,133,52,0,1
14,133,53,0,3
14,133,56,0,1
14,133,58,0,1
14,133,59,1,1
14,133,66,0,1
14,133,67,0,2
14,133,70,0,2
14,133,73,0,1
14,133,75,1,1
14,133,85,0,3
14,133,103,1,2
14,134,54,0,1
14,134,64,0,4
14,134,68,0,1
14,134,69,0,3
14,134,71,1,5
14,134,72,0,2
14,134,73,0,3
14,134,79,0,1
14,134,87,0,3
14,134,95,0,1
14,135,49,0,1
14,135,61,0,1
14,135,63,0,2
14,135,66,0,1
14,135,68,0,1
14,135,69,0,2
14,135,71,0,1
14,135,73,0,1
14,135,74,0,3
14,135,75,0,1
14,135,76,0,4
14,135,77,0,2
14,135,82,0,1
14,135,84,0,1
14,136,41,0,1
14,136,63,0,1
14,136,66,1,0
14,136,67,0,2
14,136,68,0,1
14,136,70,0,5
14,136,72,0,3
14,136,74,0,3
14,136,76,0,1
14,136,81,0,1
14,136,85,0,1
14,136,87,0,2
14,137,61,1,8
14,137,63,0,1
14,137,65,0,10
14,137,66,0,3
14,137,68,0,3
14,137,70,0,3
14,137,71,2,2
14,137,72,0,1
14,137,78,0,2
14,137,79,0,1
14,137,83,0,1
14,137,85,0,1
14,138,55,0,1
14,138,60,1,1
14,138,61,1,6
14,138,62,0,1
14,138,65,0,1
14,138,66,0,3
14,138,67,0,6
14,138,68,0,1
14,138,69,0,2
14,138,71,0,3
14,138,72,0,7
14,138,79,12,241
14,139,61,0,1
14,139,70,1,0
14,139,71,4,0
14,139,72,0,4
14,139,75,0,1
14,139,80,0,1
14,139,81,0,2
14,140,60,0,1
14,140,61,0,2
14,140,62,0,1
14,140,65,0,2
14,140,66,0,3
14,140,67,0,3
14,140,69,0,1
14,140,70,0,8
14,140,78,0,2
14,140,81,0,1
14,140,92,0,6
14,141,58,0,1
14,141,60,0,3
14,141,62,0,2
14,141,67,0,1
14,141,68,1,0
14,141,69,1,0
14,141,70,2,15
14,141,72,0,3
14,141,73,0,1
14,141,78,1,0
14,141,82,0,1
14,142,60,0,3
14,142,61,1,1
14,142,62,0,3
14,142,63,0,2
14,142,64,0,2
14,142,66,0,1
14,142,67,0,1
14,142,69,0,1
14,142,73,0,1
14,142,79,0,1
14,142,82,0,2
14,142,85,6,0
14,142,86,0,4
14,142,91,0,1
14,143,44,0,1
14,143,73,0,1
14,143,74,0,4
14,143,79,0,24
14,143,80,0,2
14,143,81,0,2
14,143,83,1,0
14,143,92,0,1
14,144,60,0,2
14,144,67,0,2
14,144,74,0,1
14,144,75,0,1
14,144,79,0,2
14,144,82,0,1
14,144,85,0,1
14,144,90,0,5
14,144,93,0,1
14,145,28,0,1
14,145,57,0,1
14,145,64,0,1
14,145,65,0,1
14,145,79,0,1
14,145,80,0,1
14,145,83,0,1
14,145,84,0,1
14,145,85,0,1
14,145,89,0,1
14,145,90,0,2
14,145,91,0,4
14,145,127,0,1
14,146,64,0,1
14,146,65,0,2
14,146,67,0,15
14,146,78,1,4
14,146,80,1,2
14,146,82,0,1
14,146,84,0,1
14,146,90,1,0
14,146,110,0,1
14,147,30,0,1
14,147,38,0,1
14,147,64,0,1
14,147,68,0,1
14,147,71,2,2
14,147,75,0,1
14,147,76,0,2
14,147,80,0,6
14,147,81,0,1
14,147,85,0,4
14,147,92,0,1
14,148,48,0,3
14,148,55,0,1
14,148,74,0,1
14,148,75,0,1
14,148,76,0,5
14,148,79,0,1
14,148,82,0,1
14,148,87,1,3
14,148,88,0,1
14,149,32,0,1
14,149,71,0,1
14,149,74,1,2
14,149,77,0,2
14,149,78,0,1
14,150,67,0,1
14,150,72,5,0
14,150,78,0,17
14,150,79,0,2
14,150,85,0,6
14,150,93,0,1
14,151,71,0,1
14,151,76,1,1
14,151,77,0,2
14,151,79,0,2
14,152,70,0,4
14,152,72,1,1
14,152,75,0,1
14,152,76,1,2
14,152,77,0,1
14,152,83,0,1
14,153,27,0,1
14,153,55,0,1
14,153,74,0,4
14,153,80,0,2
14,154,38,1,0
14,154,55,0,1
14,154,70,0,1
14,154,73,0,1
14,154,74,0,4
14,155,68,0,1
14,155,70,0,1
14,155,71,1,5
14,155,73,0,1
14,155,74,0,1
14,155,79,0,2
14,155,80,0,1
14,155,81,0,1
14,155,90,0,1
14,155,106,0,1
14,155,110,0,1
14,156,61,1,1
14,156,73,0,1
14,156,76,0,2
14,156,77,0,2
14,156,80,0,1
14,157,83,0,6
14,157,84,0,1
14,158,75,0,2
14,159,11,0,1
14,159,60,0,1
14,159,79,0,1
14,159,87,0,7
14,160,66,0,2
14,160,84,0,1
14,164,56,0,1
14,164,61,0,1
14,166,56,0,1
14,166,86,0,1
14,167,106,0,1
14,168,67,0,1
14,168,90,0,1
14,169,72,0,1
14,169,75,0,1
14,169,86,0,1
14,169,102,0,1
14,171,78,0,1
14,174,65,0,2
14,175,59,0,1
14,176,108,0,1
14,178,94,0,2
14,179,48,0,1
14,179,52,0,1
14,187,101,0,1
14,193,98,0,1
14,207,129,0,1
14,207,140,0,1
14,208,105,0,7
14,212,99,0,1
15,66,74,0,2
15,66,115,0,1
15,71,120,0,1
15,74,119,0,1
15,75,109,0,1
15,82,66,1,0
15,82,67,1,0
15,82,71,0,1
15,84,66,0,1
15,86,62,0,1
15,90,31,0,2
15,90,61,0,1
15,91,33,0,1
15,93,32,1,0
15,93,107,0,2
15,94,76,0,4
15,94,111,0,1
15,94,112,0,1
15,95,83,0,1
15,99,112,0,2
15,100,65,0,1
15,100,113,0,1
15,101,95,1,1
15,101,111,0,1
15,102,80,1,0
15,103,81,0,1
15,104,81,0,1
15,105,79,0,7
15,106,73,1,1
15,106,74,0,1
15,107,57,0,2
15,107,58,1,1
15,108,72,0,3
15,108,105,0,1
15,109,72,0,1
15,109,73,0,1
15,109,78,3,1
15,111,82,0,1
15,111,105,0,1
15,112,74,0,1
15,112,88,0,4
15,113,50,0,1
15,113,76,0,4
15,113,100,0,4
15,114,76,2,6
15,114,81,0,3
15,115,77,0,1
15,115,80,0,2
15,115,83,0,1
15,115,96,0,1
15,116,37,1,0
15,116,72,1,0
15,116,80,0,1
15,116,84,0,1
15,116,85,0,1
15,117,52,0,1
15,117,80,0,1
15,117,81,0,1
15,117,84,0,1
15,117,107,0,1
15,118,68,0,1
15,118,75,0,1
15,118,78,0,3
15,118,79,0,2
15,118,80,0,3
15,118,88,0,1
15,118,97,0,1
15,118,99,0,1
15,119,57,0,5
15,119,74,0,1
15,119,78,0,6
15,119,79,0,1
15,119,81,0,1
15,119,82,0,1
15,119,87,0,1
15,119,96,1,1
15,120,44,0,1
15,120,76,0,2
15,120,77,0,1
15,120,78,0,19
15,120,79,0,1
15,120,99,0,1
15,121,36,0,1
15,121,61,0,1
15,121,66,0,1
15,121,69,0,1
15,121,77,0,3
15,121,78,0,1
15,121,79,1,1
15,122,65,0,1
15,122,76,2,1
15,122,82,0,1
15,123,37,0,1
15,123,73,0,1
15,123,76,0,1
15,123,80,0,1
15,123,87,0,1
15,123,88,0,1
15,124,53,0,1
15,124,59,0,1
15,124,74,1,4
15,124,77,0,1
15,124,89,0,1
15,125,73,0,2
15,125,78,1,2
15,125,79,0,2
15,125,84,0,1
15,126,61,0,1
15,126,70,0,1
15,126,85,0,1
15,126,87,0,1
15,127,58,0,1
15,127,85,0,2
15,128,44,0,1
15,128,61,0,1
15,128,69,0,1
15,128,72,0,1
15,128,73,0,12
15,128,77,0,1
15,128,88,0,1
15,128,98,0,1
15,129,55,0,1
15,129,69,1,3
15,129,76,0,7
15,129,90,0,1
15,130,68,1,6
15,130,72,0,1
15,130,76,0,2
15,130,77,0,2
15,130,83,0,2
15,130,95,0,1
15,131,67,0,9
15,131,72,3,12
15,131,73,7,27
15,131,75,0,2
15,131,76,1,8
15,131,78,0,2
15,131,84,0,1
15,131,85,0,1
15,131,117,0,1
15,132,63,0,1
15,132,73,0,10
15,132,74,0,6
15,132,76,0,1
15,132,77,0,4
15,133,53,0,1
15,133,59,1,6
15,133,67,0,1
15,133,76,0,1
15,133,85,0,8
15,134,57,1,0
15,134,64,0,5
15,134,68,0,1
15,134,69,0,4
15,134,71,0,3
15,134,72,0,1
15,134,73,0,1
15,134,74,0,1
15,134,81,0,1
15,134,87,0,5
15,135,66,0,3
15,135,67,0,2
15,135,71,0,2
15,135,73,0,1
15,135,74,0,2
15,135,75,0,2
15,135,76,1,4
15,135,77,0,2
15,135,107,0,1
15,136,64,0,1
15,136,65,0,1
15,136,67,1,2
15,136,68,0,1
15,136,70,0,10
15,136,71,0,1
15,136,74,0,5
15,136,79,0,1
15,136,80,0,1
15,136,81,0,4
15,136,83,0,1
15,136,89,0,1
15,137,19,0,1
15,137,61,1,6
15,137,65,0,5
15,137,66,1,2
15,137,67,1,1
15,137,71,0,1
15,137,72,1,0
15,137,73,0,1
15,137,77,0,1
15,137,78,0,1
15,137,79,0,5
15,137,107,0,1
15,137,127,2,0
15,138,56,0,1
15,138,60,0,5
15,138,61,0,3
15,138,62,0,1
15,138,66,0,1
15,138,67,1,9
15,138,68,0,1
15,138,69,1,5
15,138,71,0,1
15,138,72,0,8
15,138,74,0,1
15,138,79,6,246
15,139,50,0,2
15,139,62,0,3
15,139,63,0,1
15,139,65,0,1
15,139,67,0,1
15,139,68,0,1
15,139,69,0,1
15,139,71,4,0
15,139,72,0,4
15,139,91,0,2
15,140,57,0,3
15,140,62,0,4
15,140,65,0,1
15,140,66,1,1
15,140,67,0,1
15,140,70,0,2
15,140,73,0,1
15,140,74,0,1
15,140,78,2,2
15,140,84,0,3
15,140,92,1,9
15,141,58,0,1
15,141,60,0,3
15,141,61,0,1
15,141,67,0,2
15,141,68,0,1
15,141,69,0,1
15,141,70,0,8
15,141,72,0,1
15,141,78,1,3
15,142,61,0,1
15,142,62,0,1
15,142,67,0,1
15,142,69,1,2
15,142,71,1,0
15,142,79,0,1
15,142,82,0,1
15,142,85,3,3
15,142,86,0,8
15,142,90,1,0
15,143,60,0,1
15,143,75,0,4
15,143,77,0,1
15,143,78,1,2
15,143,79,2,28
15,143,80,1,5
15,143,81,0,1
15,144,35,0,1
15,144,60,0,1
15,144,71,0,1
15,144,75,0,1
15,144,79,0,2
15,144,83,1,2
15,144,84,0,1
15,144,90,0,1
15,145,64,0,1
15,145,71,0,1
15,145,83,0,1
15,145,85,0,2
15,145,88,0,1
15,145,91,0,1
15,146,63,0,1
15,146,64,1,0
15,146,65,0,1
15,146,67,4,14
15,146,78,2,4
15,146,80,0,2
15,146,82,0,4
15,146,83,0,1
15,146,110,0,1
15,147,53,0,1
15,147,71,0,1
15,147,75,0,3
15,147,76,0,1
15,147,80,0,8
15,147,81,0,1
15,147,83,0,3
15,147,84,0,1
15,147,85,0,2
15,147,93,0,2
15,148,55,0,1
15,148,75,0,1
15,148,76,1,3
15,148,82,0,1
15,148,83,0,1
15,148,86,0,1
15,148,87,1,1
15,148,88,0,1
15,148,97,0,1
15,149,74,0,1
15,149,75,0,1
15,149,77,0,5
15,149,78,0,1
15,149,79,0,2
15,149,86,0,1
15,150,72,7,0
15,150,78,0,19
15,150,79,0,1
15,150,85,0,4
15,150,87,0,1
15,150,88,0,1
15,150,91,0,1
15,150,93,0,1
15,151,72,0,1
15,151,73,1,0
15,151,75,0,1
15,151,77,3,2
15,151,79,0,1
15,151,81,0,1
15,151,86,0,1
15,151,101,1,0
15,152,59,1,0
15,152,66,1,1
15,152,70,0,2
15,152,72,0,3
15,152,75,0,1
15,152,76,0,2
15,152,80,0,3
15,153,70,0,1
15,153,71,1,0
15,153,72,0,1
15,153,74,0,4
15,153,80,0,1
15,153,87,0,1
15,154,38,1,0
15,154,55,0,1
15,154,70,1,0
15,154,72,0,1
15,154,73,0,1
15,154,74,1,3
15,154,76,0,1
15,154,91,0,1
15,154,109,0,1
15,155,71,3,7
15,155,74,0,1
15,155,81,0,1
15,155,90,0,9
15,155,110,0,2
15,156,74,0,1
15,156,76,0,1
15,156,77,1,0
15,156,114,0,1
15,157,66,0,1
15,157,83,2,7
15,157,84,1,8
15,158,70,0,1
15,158,75,0,1
15,159,18,0,1
15,159,26,0,4
15,159,87,0,1
15,159,94,0,1
15,160,67,0,1
15,161,66,1,0
15,163,91,1,1
15,164,59,0,1
15,164,86,0,1
15,165,71,0,1
15,165,87,0,3
15,166,81,0,1
15,167,115,0,2
15,168,90,0,3
15,169,78,0,1
15,169,115,1,1
15,170,67,0,1
15,170,70,1,0
15,171,105,0,1
15,172,78,0,3
15,174,65,0,1
15,174,98,0,1
15,174,108,0,1
15,179,55,0,1
15,180,73,0,1
15,184,71,0,1
15,184,92,0,1
15,185,55,0,1
15,188,67,0,2
15,190,76,0,1
15,191,64,0,1
15,200,98,1,1
15,201,113,0,1
15,204,111,0,2
15,212,99,0,2
15,214,100,0,2
15,217,107,0,1
16,66,107,0,1
16,72,121,0,2
16,73,75,0,1
16,74,119,0,1
16,79,88,0,1
16,83,66,0,1
16,85,113,0,2
16,86,76,0,1
16,90,31,0,1
16,93,107,0,4
16,94,76,0,1
16,94,96,0,1
16,94,112,0,3
16,95,77,0,2
16,95,83,0,2
16,98,74,0,1
16,99,112,0,1
16,100,45,0,1
16,100,116,0,1
16,101,87,0,1
16,102,65,0,1
16,102,89,0,1
16,102,110,0,1
16,103,61,0,1
16,103,104,0,1
16,104,91,1,1
16,104,92,1,0
16,105,51,0,1
16,105,79,4,9
16,106,74,0,1
16,106,88,0,1
16,107,57,1,4
16,107,58,0,2
16,107,78,0,1
16,107,102,0,1
16,107,103,0,2
16,108,72,0,3
16,108,105,0,1
16,109,69,0,1
16,109,72,0,2
16,109,73,0,1
16,109,92,0,1
16,109,102,0,1
16,110,106,0,1
16,111,82,0,1
16,112,77,1,0
16,112,88,0,1
16,112,100,0,1
16,113,79,0,1
16,113,80,0,1
16,114,76,0,5
16,114,81,0,2
16,115,69,0,2
16,115,76,1,0
16,115,81,0,1
16,116,37,1,0
16,116,72,1,0
16,116,86,0,1
16,116,89,0,4
16,117,79,0,2
16,117,80,0,1
16,117,82,0,1
16,118,38,0,1
16,118,49,0,1
16,118,61,0,1
16,118,69,0,1
16,118,72,0,1
16,118,78,0,2
16,118,80,0,1
16,118,81,0,1
16,118,87,0,1
16,119,47,0,1
16,119,57,0,3
16,119,61,0,1
16,119,66,0,1
16,119,67,0,1
16,119,77,0,3
16,119,78,0,9
16,119,79,0,2
16,119,81,0,1
16,120,46,0,1
16,120,68,0,1
16,120,75,0,1
16,120,78,0,17
16,120,99,0,2
16,121,78,0,2
16,121,79,0,1
16,121,88,0,1
16,121,94,0,1
16,122,66,0,1
16,122,67,0,1
16,122,69,0,1
16,122,76,0,1
16,122,78,0,1
16,122,80,0,1
16,122,103,0,1
16,123,57,3,3
16,123,76,0,4
16,123,79,1,1
16,123,80,0,1
16,123,87,0,1
16,123,88,0,1
16,123,90,0,2
16,124,60,0,1
16,124,62,0,1
16,124,74,0,4
16,124,80,0,1
16,125,59,0,1
16,125,60,0,1
16,125,78,0,1
16,125,81,0,3
16,125,87,0,1
16,126,58,0,3
16,126,61,0,1
16,126,68,0,2
16,126,70,0,1
16,126,72,0,2
16,126,82,0,1
16,126,99,0,1
16,126,120,0,1
16,127,41,0,1
16,127,58,0,1
16,127,84,0,1
16,127,86,0,1
16,127,91,0,1
16,127,111,0,1
16,128,73,0,10
16,128,77,0,2
16,128,82,0,1
16,128,88,0,1
16,129,68,0,1
16,129,69,0,1
16,129,71,0,1
16,129,76,0,2
16,129,77,0,1
16,129,80,1,0
16,130,68,0,6
16,130,76,0,3
16,130,77,0,2
16,131,60,0,5
16,131,67,0,6
16,131,72,0,8
16,131,73,4,5
16,131,75,0,2
16,131,76,2,6
16,131,77,0,1
16,131,78,0,3
16,131,81,0,1
16,131,84,0,1
16,132,53,0,1
16,132,55,0,1
16,132,72,0,2
16,132,73,0,7
16,132,74,1,12
16,132,75,0,1
16,132,77,0,1
16,132,81,0,4
16,133,53,0,3
16,133,70,0,1
16,133,77,0,1
16,133,79,0,1
16,133,80,0,1
16,133,85,1,6
16,133,103,0,1
16,134,56,0,1
16,134,58,2,1
16,134,64,0,2
16,134,68,0,3
16,134,69,0,3
16,134,70,0,2
16,134,71,0,4
16,134,72,0,2
16,134,79,0,1
16,134,84,0,2
16,134,87,0,2
16,134,95,0,1
16,135,49,1,1
16,135,66,0,3
16,135,71,0,1
16,135,72,0,1
16,135,73,0,4
16,135,74,0,5
16,135,75,0,1
16,135,76,0,5
16,135,83,0,1
16,135,84,0,1
16,135,85,0,1
16,135,93,0,1
16,135,95,0,1
16,136,43,0,1
16,136,67,0,1
16,136,68,0,4
16,136,69,0,2
16,136,70,1,7
16,136,72,0,1
16,136,74,0,4
16,136,79,0,6
16,136,81,0,2
16,136,85,0,1
16,136,89,0,3
16,136,94,0,1
16,136,100,0,1
16,137,52,0,1
16,137,61,0,5
16,137,65,0,4
16,137,66,0,3
16,137,67,0,1
16,137,69,0,1
16,137,71,0,1
16,137,72,1,0
16,137,74,0,2
16,137,78,0,2
16,138,55,0,1
16,138,56,0,1
16,138,60,0,3
16,138,61,0,8
16,138,62,0,6
16,138,67,0,7
16,138,69,0,4
16,138,70,0,1
16,138,72,1,15
16,138,75,0,1
16,138,77,1,1
16,138,79,5,241
16,139,50,0,1
16,139,62,0,1
16,139,63,0,1
16,139,66,0,1
16,139,70,0,2
16,139,71,1,0
16,139,72,0,1
16,139,74,0,1
16,139,75,0,1
16,139,91,0,1
16,139,114,0,1
16,140,54,1,0
16,140,57,0,2
16,140,59,0,1
16,140,61,0,1
16,140,62,0,2
16,140,65,0,2
16,140,66,0,2
16,140,67,0,1
16,140,70,1,7
16,140,71,0,1
16,140,73,0,1
16,140,78,0,3
16,140,80,0,1
16,140,84,0,1
16,140,92,0,14
16,141,60,0,2
16,141,62,0,1
16,141,65,0,1
16,141,66,0,1
16,141,67,0,1
16,141,69,1,0
16,141,70,3,10
16,141,71,0,3
16,141,78,0,1
16,142,59,0,2
16,142,60,0,1
16,142,63,0,2
16,142,64,0,1
16,142,74,0,2
16,142,79,0,2
16,142,82,0,1
16,142,84,0,1
16,142,85,7,0
16,142,86,0,9
16,143,62,0,1
16,143,63,0,1
16,143,75,0,3
16,143,76,0,1
16,143,79,3,28
16,143,80,0,3
16,143,82,1,1
16,143,86,1,0
16,144,35,0,1
16,144,44,0,1
16,144,60,0,1
16,144,64,0,1
16,144,67,0,1
16,144,74,0,1
16,144,82,0,1
16,144,84,0,2
16,144,90,0,3
16,145,64,0,2
16,145,78,0,1
16,145,79,1,1
16,145,80,0,2
16,145,82,0,1
16,145,83,0,1
16,145,90,0,1
16,145,91,0,1
16,145,95,0,1
16,146,63,0,1
16,146,64,0,3
16,146,65,0,2
16,146,67,0,25
16,146,78,0,2
16,146,80,0,2
16,146,82,0,5
16,146,89,0,1
16,146,110,0,1
16,147,60,0,1
16,147,66,2,0
16,147,71,1,4
16,147,74,0,1
16,147,75,0,2
16,147,80,0,5
16,147,83,0,2
16,148,51,0,1
16,148,59,3,0
16,148,75,0,1
16,148,76,0,1
16,148,80,0,4
16,148,82,0,1
16,148,86,0,1
16,148,87,1,4
16,148,94,0,1
16,148,114,0,1
16,149,60,0,1
16,149,74,0,3
16,149,75,0,1
16,149,77,0,4
16,149,78,1,0
16,149,79,0,4
16,149,88,0,2
16,149,89,0,3
16,150,67,1,0
16,150,68,0,1
16,150,72,2,0
16,150,78,1,21
16,150,79,1,2
16,150,85,1,2
16,150,91,0,1
16,151,71,0,4
16,151,74,0,1
16,151,75,0,2
16,151,76,0,1
16,151,77,1,4
16,151,86,0,1
16,152,70,0,12
16,152,72,0,2
16,152,73,0,1
16,152,74,0,2
16,152,75,0,3
16,152,76,0,1
16,152,86,0,2
16,153,55,0,1
16,153,73,0,1
16,153,74,1,4
16,153,80,0,1
16,153,96,0,1
16,154,38,1,0
16,154,74,0,2
16,155,53,0,1
16,155,71,0,10
16,155,79,0,1
16,156,71,0,1
16,156,77,0,4
16,156,79,0,1
16,157,62,0,1
16,157,78,0,1
16,157,83,0,5
16,157,84,0,2
16,158,75,0,1
16,159,26,0,1
16,159,54,0,2
16,159,60,0,1
16,159,79,0,1
16,160,77,0,1
16,160,79,0,1
16,160,84,0,1
16,160,95,1,1
16,161,66,0,1
16,163,99,0,1
16,164,76,0,1
16,164,86,0,1
16,167,115,0,2
16,168,106,0,1
16,169,115,0,1
16,171,72,0,1
16,171,73,0,1
16,172,65,0,1
16,172,78,0,1
16,173,93,0,1
16,174,63,0,1
16,175,59,0,1
16,176,83,0,1
16,178,123,0,1
16,179,93,0,1
16,179,105,0,1
16,179,123,0,1
16,181,74,0,1
16,184,92,0,3
16,185,102,0,1
16,188,98,0,1
16,191,61,0,1
16,193,98,0,1
16,195,71,0,1
16,203,113,0,1
16,208,105,2,7
16,217,105,0,1
16,225,115,0,1
16,227,119,0,1
17,70,62,0,1
17,73,75,0,2
17,80,118,0,1
17,84,34,0,2
17,85,56,0,1
17,86,64,0,1
17,87,66,0,1
17,89,50,0,1
17,92,57,0,1
17,93,86,1,1
17,93,105,0,1
17,93,107,0,5
17,94,76,0,5
17,94,112,0,6
17,95,83,0,1
17,96,81,0,1
17,97,83,0,1
17,99,73,0,1
17,100,45,0,1
17,100,107,0,2
17,100,116,0,2
17,103,22,0,1
17,104,44,0,1
17,104,81,0,1
17,104,103,0,1
17,105,77,0,2
17,105,79,0,4
17,105,80,0,1
17,107,57,1,6
17,107,58,0,5
17,107,64,0,1
17,107,72,0,1
17,107,78,0,1
17,108,72,0,5
17,108,104,0,1
17,109,72,1,4
17,109,82,0,1
17,109,100,0,1
17,110,68,0,1
17,110,71,0,1
17,110,74,0,2
17,110,106,0,1
17,111,81,0,1
17,111,102,0,1
17,112,88,0,1
17,113,76,0,2
17,113,81,0,2
17,113,100,0,1
17,114,66,0,1
17,114,76,0,1
17,114,81,0,1
17,114,87,1,1
17,115,67,0,2
17,115,78,0,1
17,116,37,1,0
17,116,72,1,0
17,116,78,0,1
17,116,80,0,2
17,116,89,0,2
17,117,78,0,1
17,117,81,0,1
17,117,110,0,1
17,118,49,0,1
17,118,77,0,1
17,118,78,0,1
17,118,79,0,1
17,118,120,0,1
17,119,57,0,3
17,119,77,0,1
17,119,78,0,5
17,119,79,0,1
17,119,93,0,1
17,120,69,0,1
17,120,78,0,11
17,120,79,0,1
17,120,84,0,1
17,120,99,0,1
17,121,36,0,3
17,121,56,1,1
17,121,62,0,1
17,121,77,0,3
17,121,78,0,5
17,121,79,0,2
17,121,119,0,1
17,122,76,0,1
17,122,78,0,3
17,122,80,0,2
17,122,104,0,1
17,123,57,0,1
17,123,58,0,1
17,123,70,1,0
17,123,88,0,3
17,124,36,0,1
17,124,58,0,1
17,124,74,0,1
17,124,80,0,3
17,124,81,0,1
17,124,89,0,1
17,124,96,1,0
17,125,60,0,1
17,125,75,0,3
17,125,78,0,3
17,125,79,0,1
17,125,87,0,1
17,125,96,0,1
17,126,52,0,1
17,126,56,0,2
17,126,58,0,2
17,127,81,0,1
17,127,82,0,1
17,127,85,0,3
17,128,69,0,1
17,128,73,0,26
17,128,82,0,1
17,129,68,0,1
17,129,69,3,1
17,129,71,1,1
17,129,76,0,5
17,129,78,0,1
17,129,82,0,1
17,129,88,1,2
17,129,90,0,1
17,130,45,0,1
17,130,68,2,14
17,130,76,0,4
17,130,77,0,1
17,130,83,0,1
17,130,119,0,1
17,131,60,0,1
17,131,67,1,9
17,131,72,0,8
17,131,73,5,32
17,131,76,1,10
17,131,84,0,1
17,132,47,0,1
17,132,72,0,3
17,132,73,0,12
17,132,74,0,7
17,132,76,0,2
17,132,81,0,2
17,133,53,0,1
17,133,58,0,1
17,133,59,0,3
17,133,67,0,1
17,133,68,0,1
17,133,70,0,1
17,133,71,0,1
17,133,73,0,2
17,133,75,0,1
17,133,76,0,1
17,133,79,0,2
17,133,85,1,4
17,134,58,0,2
17,134,59,0,1
17,134,64,0,2
17,134,71,0,4
17,134,72,2,1
17,134,73,0,1
17,134,87,0,2
17,134,96,0,1
17,135,54,0,1
17,135,64,2,0
17,135,66,0,2
17,135,68,0,3
17,135,69,0,2
17,135,70,0,1
17,135,73,0,1
17,135,74,1,3
17,135,75,0,2
17,135,76,1,5
17,135,77,0,1
17,135,83,0,1
17,135,87,0,1
17,136,37,0,1
17,136,50,0,1
17,136,55,0,1
17,136,59,0,1
17,136,65,0,3
17,136,67,0,3
17,136,68,0,2
17,136,69,0,1
17,136,70,3,16
17,136,71,0,3
17,136,72,0,1
17,136,74,0,7
17,136,76,0,1
17,136,79,0,1
17,136,81,0,1
17,136,85,0,1
17,136,87,0,1
17,137,61,1,8
17,137,65,1,6
17,137,66,2,4
17,137,67,0,1
17,137,68,2,4
17,137,69,2,3
17,137,71,0,3
17,137,72,0,1
17,137,78,0,1
17,137,85,0,1
17,137,99,0,1
17,138,46,0,1
17,138,59,0,1
17,138,60,0,5
17,138,61,0,4
17,138,62,0,1
17,138,65,0,2
17,138,66,1,2
17,138,67,1,7
17,138,69,0,3
17,138,70,0,2
17,138,71,0,4
17,138,72,1,10
17,138,79,11,283
17,139,62,0,3
17,139,63,0,1
17,139,66,0,3
17,139,68,0,3
17,139,71,1,0
17,139,72,0,4
17,139,74,0,1
17,140,59,0,1
17,140,62,0,2
17,140,65,0,2
17,140,66,0,1
17,140,67,0,1
17,140,68,0,1
17,140,69,0,1
17,140,70,0,19
17,140,71,0,3
17,140,78,1,1
17,140,92,0,15
17,141,54,0,1
17,141,61,0,2
17,141,62,0,2
17,141,65,0,2
17,141,68,0,1
17,141,70,1,12
17,141,73,0,1
17,141,78,0,2
17,142,59,0,1
17,142,69,0,3
17,142,74,0,1
17,142,79,0,1
17,142,85,6,0
17,142,86,1,8
17,143,60,0,1
17,143,65,0,1
17,143,78,1,0
17,143,79,0,16
17,143,80,0,2
17,143,81,0,1
17,143,85,0,1
17,144,41,0,8
17,144,60,0,2
17,144,71,0,1
17,144,79,0,1
17,144,81,0,1
17,144,82,0,2
17,144,83,0,1
17,144,85,0,2
17,144,92,0,1
17,145,49,0,1
17,145,77,0,1
17,145,78,0,1
17,145,79,0,2
17,145,84,0,1
17,145,88,0,1
17,145,89,0,1
17,145,90,0,1
17,145,91,0,1
17,146,59,0,1
17,146,64,0,2
17,146,67,0,11
17,146,78,0,4
17,146,82,0,5
17,146,83,0,1
17,146,110,0,1
17,147,75,0,1
17,147,76,0,1
17,147,80,1,8
17,147,94,0,1
17,148,55,0,2
17,148,59,3,0
17,148,75,0,1
17,148,76,0,1
17,148,79,0,2
17,148,87,1,2
17,148,90,0,1
17,148,93,0,1
17,148,94,0,2
17,149,74,0,2
17,149,75,0,2
17,149,77,0,3
17,149,78,0,1
17,149,79,0,7
17,149,80,0,1
17,149,88,3,0
17,150,67,0,1
17,150,72,7,0
17,150,77,0,2
17,150,78,2,17
17,150,79,0,3
17,150,85,0,5
17,150,94,0,1
17,151,24,0,2
17,151,65,0,3
17,151,71,1,6
17,151,75,0,1
17,151,77,0,1
17,151,78,0,1
17,151,79,0,2
17,151,96,0,1
17,152,65,0,1
17,152,70,0,3
17,152,73,0,1
17,152,74,0,1
17,152,80,0,1
17,152,83,0,1
17,152,86,0,1
17,153,74,0,1
17,153,75,0,1
17,153,79,0,1
17,153,88,0,1
17,153,89,0,1
17,153,99,0,1
17,154,55,0,1
17,154,73,0,2
17,154,74,0,3
17,154,89,0,1
17,154,106,0,1
17,155,71,0,5
17,155,75,0,1
17,155,80,0,1
17,156,72,0,1
17,156,74,0,1
17,156,76,0,1
17,156,77,0,1
17,156,78,0,1
17,156,80,0,3
17,157,66,0,1
17,157,76,0,1
17,157,83,0,17
17,157,84,0,3
17,157,92,0,1
17,158,110,0,1
17,159,60,0,1
17,159,67,0,1
17,159,73,0,1
17,159,87,0,1
17,160,79,0,3
17,160,84,0,1
17,161,66,0,3
17,162,84,0,2
17,164,71,1,0
17,164,76,0,1
17,164,86,0,1
17,164,96,0,1
17,164,106,0,1
17,165,104,0,1
17,166,48,0,1
17,168,75,0,1
17,168,90,0,1
17,170,105,0,1
17,171,78,0,1
17,177,55,0,1
17,179,93,0,1
17,184,92,0,1
17,184,99,0,1
17,185,113,0,1
17,187,101,0,3
17,187,102,0,1
17,190,103,0,1
17,191,61,0,1
17,204,111,0,1
17,208,105,0,2
17,215,107,0,1
18,69,76,0,1
18,79,62,1,0
18,83,78,0,1
18,84,34,0,1
18,84,45,0,1
18,84,66,0,1
18,84,67,0,1
18,85,68,0,1
18,93,107,0,2
18,94,112,0,1
18,95,83,0,2
18,99,112,0,2
18,101,95,0,1
18,103,79,0,1
18,103,80,0,1
18,103,81,1,0
18,104,79,0,1
18,104,81,0,1
18,105,79,0,9
18,105,110,0,1
18,106,74,0,2
18,106,79,0,1
18,107,57,0,1
18,107,58,0,3
18,107,64,0,1
18,107,78,1,0
18,108,72,0,2
18,108,90,0,1
18,108,104,0,1
18,108,105,0,1
18,109,72,0,1
18,109,78,0,2
18,109,92,0,1
18,109,103,0,1
18,109,118,0,1
18,110,46,0,1
18,110,74,0,1
18,111,107,0,3
18,112,74,0,1
18,112,78,0,1
18,112,81,0,1
18,112,88,0,2
18,113,76,0,1
18,113,100,0,4
18,114,76,0,3
18,114,81,0,1
18,114,87,0,1
18,114,104,0,1
18,115,67,0,1
18,115,69,0,1
18,115,77,0,1
18,115,78,0,1
18,115,80,0,3
18,115,85,0,1
18,116,52,0,1
18,116,72,1,0
18,116,78,0,1
18,116,80,0,1
18,116,81,0,2
18,116,89,0,2
18,116,93,0,1
18,117,78,0,1
18,117,81,0,1
18,118,68,1,1
18,118,77,0,2
18,118,78,0,2
18,118,79,0,2
18,118,80,0,1
18,118,99,0,1
18,118,100,0,1
18,119,57,0,2
18,119,61,0,1
18,119,68,0,1
18,119,72,0,1
18,119,77,0,1
18,119,78,0,11
18,119,79,0,2
18,119,80,0,1
18,119,82,0,1
18,120,78,1,17
18,120,79,0,1
18,120,80,0,1
18,120,112,0,1
18,121,56,0,1
18,121,78,0,1
18,121,79,0,3
18,122,58,0,1
18,122,79,0,1
18,122,80,0,3
18,123,70,0,1
18,123,79,0,1
18,123,88,0,3
18,123,94,0,1
18,124,58,0,1
18,124,74,1,5
18,124,87,0,1
18,124,96,2,0
18,125,60,0,1
18,125,73,0,1
18,125,77,0,1
18,125,78,0,4
18,125,79,0,1
18,125,81,0,2
18,125,90,0,1
18,125,106,0,1
18,126,28,0,1
18,126,50,0,1
18,126,52,0,2
18,126,58,0,1
18,126,72,0,1
18,126,87,0,1
18,127,85,0,5
18,128,73,1,9
18,128,77,0,1
18,128,79,0,1
18,128,80,0,1
18,128,81,1,0
18,128,82,0,1
18,128,87,0,1
18,128,88,0,1
18,128,98,0,1
18,129,57,1,0
18,129,64,0,1
18,129,69,0,4
18,129,70,0,1
18,129,76,0,3
18,129,84,0,1
18,130,60,0,2
18,130,68,0,11
18,130,73,0,1
18,130,75,0,1
18,130,77,1,1
18,130,85,0,1
18,131,60,0,1
18,131,67,0,6
18,131,72,2,15
18,131,73,0,21
18,131,76,0,14
18,131,77,0,1
18,131,78,0,1
18,131,80,0,2
18,132,55,0,1
18,132,66,0,1
18,132,68,0,1
18,132,72,0,5
18,132,73,0,12
18,132,74,1,13
18,132,76,0,1
18,132,77,0,3
18,132,81,1,2
18,133,53,0,1
18,133,59,0,1
18,133,68,0,2
18,133,77,0,1
18,133,78,0,2
18,133,80,0,1
18,133,85,0,2
18,133,103,0,1
18,134,64,0,3
18,134,68,0,1
18,134,70,0,1
18,134,71,0,1
18,134,72,0,2
18,134,75,0,2
18,134,76,1,1
18,134,81,0,1
18,134,83,0,1
18,134,87,0,4
18,135,49,0,1
18,135,61,0,1
18,135,67,1,0
18,135,68,0,4
18,135,71,0,2
18,135,72,0,2
18,135,73,0,1
18,135,74,0,3
18,135,75,0,1
18,135,76,0,3
18,135,79,0,1
18,135,84,0,1
18,135,90,0,1
18,136,65,0,1
18,136,68,0,1
18,136,70,0,15
18,136,72,1,1
18,136,74,0,4
18,136,76,0,1
18,136,84,0,2
18,136,89,0,2
18,136,97,0,1
18,137,59,0,1
18,137,61,0,5
18,137,62,0,1
18,137,65,0,4
18,137,66,0,4
18,137,67,0,1
18,137,68,0,1
18,137,71,0,2
18,137,72,0,2
18,137,73,1,1
18,137,78,0,1
18,137,79,0,1
18,138,51,0,2
18,138,55,0,1
18,138,60,0,6
18,138,61,0,3
18,138,62,0,1
18,138,64,0,1
18,138,66,0,1
18,138,67,0,10
18,138,69,0,4
18,138,71,0,1
18,138,72,0,9
18,138,79,12,247
18,138,80,0,1
18,139,55,0,1
18,139,58,0,1
18,139,62,0,1
18,139,63,0,1
18,139,65,0,1
18,139,67,0,4
18,139,68,0,2
18,139,69,0,2
18,139,71,3,6
18,139,72,0,3
18,139,74,1,3
18,139,75,0,2
18,139,79,0,1
18,139,80,0,1
18,140,48,0,1
18,140,57,0,2
18,140,58,0,1
18,140,59,0,1
18,140,61,0,2
18,140,62,0,2
18,140,63,0,1
18,140,65,0,3
18,140,70,0,3
18,140,71,0,1
18,140,92,0,8
18,141,56,0,1
18,141,61,0,1
18,141,62,0,1
18,141,67,0,2
18,141,68,0,2
18,141,70,0,11
18,141,71,0,1
18,141,77,0,1
18,141,78,0,2
18,141,80,0,1
18,141,82,0,1
18,142,62,0,1
18,142,63,0,2
18,142,64,0,1
18,142,66,0,2
18,142,68,1,2
18,142,69,0,1
18,142,71,1,1
18,142,74,0,1
18,142,79,0,1
18,142,81,0,1
18,142,82,0,1
18,142,85,3,0
18,142,86,0,7
18,143,59,0,1
18,143,75,0,2
18,143,77,0,1
18,143,79,1,16
18,143,80,0,1
18,143,81,0,1
18,144,41,0,1
18,144,58,0,1
18,144,64,0,1
18,144,71,0,2
18,144,79,0,1
18,144,84,0,1
18,144,85,1,0
18,144,92,0,1
18,145,60,0,1
18,145,64,0,1
18,145,66,0,3
18,145,67,0,1
18,145,79,2,4
18,145,86,0,1
18,145,127,0,1
18,146,61,0,1
18,146,62,0,9
18,146,67,0,7
18,146,78,0,2
18,146,79,0,1
18,146,80,0,5
18,146,83,0,1
18,146,85,0,1
18,146,110,0,1
18,147,53,0,1
18,147,66,6,0
18,147,69,0,1
18,147,71,0,2
18,147,75,0,1
18,147,76,0,1
18,147,77,0,1
18,147,80,0,3
18,147,81,0,3
18,147,82,1,0
18,147,83,0,3
18,147,85,0,1
18,147,92,0,6
18,147,94,0,1
18,148,55,0,1
18,148,59,3,0
18,148,75,1,1
18,148,76,0,3
18,148,81,0,2
18,148,87,1,0
18,149,56,0,3
18,149,74,1,5
18,149,75,0,1
18,149,77,0,1
18,149,79,0,4
18,149,88,0,2
18,149,92,0,3
18,149,99,0,1
18,149,100,0,1
18,150,70,1,1
18,150,78,2,17
18,150,85,0,3
18,150,92,0,1
18,150,113,0,1
18,151,71,0,4
18,151,77,1,1
18,151,79,0,1
18,151,80,0,2
18,151,81,0,1
18,151,91,0,2
18,151,95,0,1
18,152,51,0,1
18,152,70,0,7
18,152,72,0,2
18,152,73,0,1
18,152,75,0,1
18,152,85,0,1
18,152,86,0,1
18,152,88,0,1
18,152,89,0,1
18,153,72,1,0
18,153,73,0,1
18,153,77,0,1
18,154,38,3,0
18,154,71,1,1
18,154,73,0,4
18,154,74,0,4
18,155,56,0,1
18,155,71,0,4
18,155,75,0,1
18,155,90,9,0
18,156,80,0,1
18,157,72,0,1
18,157,73,1,0
18,157,78,0,1
18,157,83,0,2
18,157,84,0,1
18,158,75,0,1
18,158,111,0,1
18,159,54,0,1
18,159,55,0,1
18,159,56,0,1
18,160,79,0,3
18,160,80,0,1
18,160,84,0,1
18,161,66,0,1
18,162,84,0,1
18,162,91,0,1
18,164,45,0,1
18,164,69,0,1
18,164,73,0,1
18,164,76,0,1
18,165,71,0,1
18,166,94,0,1
18,167,106,0,1
18,168,67,0,1
18,168,79,0,1
18,169,115,0,1
18,172,78,0,1
18,173,93,0,1
18,174,65,0,1
18,175,65,0,1
18,179,54,0,1
18,184,92,0,1
18,187,62,0,1
18,187,66,0,1
18,187,101,0,1
18,192,99,0,1
18,197,60,0,1
18,198,58,0,1
18,203,113,0,1
18,207,140,0,1
18,212,99,0,1
19,66,113,0,1
19,69,60,0,1
19,78,76,0,3
19,89,114,0,1
19,93,105,1,1
19,94,76,0,2
19,94,112,0,3
19,95,83,0,1
19,100,107,0,2
19,101,43,0,1
19,101,95,0,2
19,102,65,0,1
19,102,89,0,1
19,103,42,0,1
19,103,81,0,1
19,103,99,0,2
19,104,44,0,1
19,104,81,0,1
19,105,78,0,1
19,105,79,1,9
19,106,66,2,0
19,106,82,0,1
19,107,57,1,6
19,107,58,0,1
19,107,105,0,1
19,108,16,0,1
19,108,66,0,1
19,108,72,0,1
19,109,72,0,2
19,109,82,0,2
19,109,103,0,1
19,109,118,0,1
19,110,74,0,1
19,110,78,0,1
19,110,82,0,1
19,111,82,0,1
19,111,86,0,1
19,112,49,0,1
19,112,77,0,1
19,112,82,0,2
19,112,88,0,2
19,113,74,1,0
19,113,76,0,1
19,113,78,0,2
19,113,111,1,1
19,114,76,0,3
19,114,81,0,2
19,115,75,0,1
19,116,72,1,0
19,116,80,0,1
19,116,89,0,2
19,117,64,0,1
19,117,83,0,1
19,117,112,0,1
19,118,80,0,2
19,118,100,0,1
19,119,57,0,1
19,119,71,0,1
19,119,77,0,1
19,119,78,0,7
19,119,79,0,1
19,119,86,0,1
19,119,87,0,1
19,120,70,0,1
19,120,78,0,10
19,120,79,0,2
19,120,81,0,1
19,120,84,0,1
19,120,96,0,1
19,120,113,0,1
19,121,69,0,1
19,121,71,1,0
19,121,77,0,3
19,121,78,0,4
19,121,79,0,1
19,121,88,0,1
19,122,66,0,1
19,122,73,0,1
19,122,78,0,2
19,122,79,0,1
19,122,80,0,11
19,123,58,0,2
19,123,76,1,0
19,123,79,0,1
19,124,59,0,1
19,124,74,0,3
19,124,77,0,1
19,124,80,0,1
19,124,89,0,1
19,124,107,0,1
19,125,77,0,1
19,125,80,0,1
19,126,28,0,1
19,126,52,0,2
19,126,86,0,1
19,126,112,0,1
19,127,52,0,1
19,127,58,0,1
19,127,78,1,1
19,127,84,0,1
19,127,85,0,3
19,128,61,1,0
19,128,72,0,2
19,128,73,1,10
19,129,69,0,3
19,129,76,0,5
19,129,78,0,1
19,129,82,0,1
19,130,57,0,1
19,130,68,0,6
19,130,71,0,1
19,130,73,0,1
19,130,76,0,1
19,130,77,1,3
19,130,110,0,1
19,130,119,0,1
19,131,67,0,6
19,131,68,0,1
19,131,72,0,7
19,131,73,1,26
19,131,76,1,5
19,131,94,0,1
19,132,53,0,1
19,132,73,2,8
19,132,74,0,6
19,132,77,0,1
19,132,81,0,2
19,133,53,0,1
19,133,59,0,3
19,133,66,0,1
19,133,67,0,1
19,133,70,1,0
19,133,77,0,2
19,133,85,0,3
19,134,60,0,2
19,134,64,0,5
19,134,69,0,3
19,134,71,0,6
19,134,72,0,2
19,134,73,0,2
19,134,77,0,1
19,134,84,0,2
19,134,87,0,5
19,134,95,0,2
19,135,54,0,1
19,135,60,0,3
19,135,64,0,2
19,135,69,0,1
19,135,71,1,1
19,135,73,0,1
19,135,74,0,7
19,135,76,2,7
19,135,83,0,2
19,135,87,0,1
19,135,95,0,1
19,136,63,0,1
19,136,65,0,1
19,136,66,0,1
19,136,67,0,1
19,136,70,0,8
19,136,71,0,2
19,136,73,2,3
19,136,74,1,3
19,136,76,0,1
19,136,79,0,1
19,137,61,0,4
19,137,65,1,5
19,137,66,0,1
19,137,67,0,2
19,137,68,0,2
19,137,70,0,1
19,137,71,0,7
19,137,72,0,4
19,137,73,8,8
19,137,75,0,2
19,137,79,0,1
19,137,108,0,1
19,138,60,0,3
19,138,61,2,7
19,138,67,0,13
19,138,69,0,2
19,138,71,0,2
19,138,72,1,13
19,138,79,18,249
19,139,56,0,1
19,139,58,0,1
19,139,61,0,1
19,139,65,0,1
19,139,67,0,1
19,139,68,0,2
19,139,70,0,1
19,139,71,1,0
19,139,74,0,3
19,139,75,0,1
19,139,91,0,1
19,140,62,0,1
19,140,65,0,2
19,140,66,0,1
19,140,68,0,1
19,140,69,1,0
19,140,70,1,6
19,140,71,0,1
19,140,78,1,3
19,140,82,0,2
19,140,92,1,10
19,141,54,0,1
19,141,58,0,1
19,141,59,0,1
19,141,60,0,1
19,141,61,0,1
19,141,62,0,1
19,141,65,0,1
19,141,66,0,1
19,141,67,0,1
19,141,70,1,8
19,141,72,0,1
19,141,78,0,2
19,141,80,0,1
19,141,82,0,5
19,142,58,0,1
19,142,61,1,0
19,142,66,0,4
19,142,67,0,1
19,142,69,0,1
19,142,72,0,1
19,142,74,0,1
19,142,82,0,1
19,142,86,0,7
19,143,58,0,1
19,143,59,0,1
19,143,65,0,1
19,143,73,0,1
19,143,74,0,2
19,143,75,0,5
19,143,79,0,19
19,143,80,0,1
19,143,81,0,5
19,144,59,0,1
19,144,60,0,3
19,144,64,1,0
19,144,71,0,1
19,144,78,0,1
19,144,81,0,2
19,144,82,0,1
19,144,83,0,1
19,144,84,0,1
19,144,85,1,0
19,144,89,0,1
19,145,78,0,1
19,145,79,1,2
19,145,83,0,1
19,145,84,0,1
19,145,85,0,3
19,145,88,1,2
19,145,89,0,1
19,145,91,0,1
19,146,63,0,1
19,146,67,1,3
19,146,75,1,0
19,146,78,0,3
19,146,79,0,1
19,146,80,0,1
19,146,86,0,1
19,146,94,0,1
19,147,71,0,1
19,147,75,0,3
19,147,76,0,1
19,147,79,0,1
19,147,80,0,6
19,147,85,0,1
19,147,94,0,4
19,148,59,3,0
19,148,71,1,1
19,148,76,0,7
19,148,82,0,1
19,148,87,1,1
19,149,74,0,6
19,149,77,0,2
19,149,78,0,2
19,149,79,0,3
19,149,80,0,1
19,149,84,0,1
19,149,87,0,1
19,150,71,0,1
19,150,72,1,1
19,150,78,0,20
19,150,79,0,2
19,150,81,0,1
19,150,85,0,2
19,150,94,0,1
19,151,71,0,1
19,151,72,0,1
19,151,75,0,2
19,151,77,0,1
19,152,70,0,6
19,152,75,0,3
19,152,83,0,1
19,152,86,0,1
19,153,55,0,11
19,153,72,1,0
19,153,73,0,1
19,153,74,0,1
19,153,80,0,1
19,153,89,0,1
19,153,99,0,2
19,154,38,2,0
19,154,56,0,1
19,154,73,0,2
19,154,74,0,1
19,155,56,0,3
19,155,71,0,8
19,155,79,0,1
19,155,85,0,1
19,155,89,0,3
19,155,90,0,1
19,156,61,0,1
19,156,74,0,1
19,156,75,1,1
19,156,77,0,3
19,157,66,0,2
19,157,78,0,2
19,157,83,0,1
19,157,84,0,1
19,158,63,0,1
19,158,75,0,1
19,158,109,1,0
19,159,78,0,1
19,159,87,0,1
19,161,11,0,1
19,165,87,0,1
19,166,72,0,1
19,168,47,0,1
19,169,73,1,0
19,169,118,1,0
19,171,96,0,1
19,174,95,2,0
19,177,55,0,1
19,178,62,0,1
19,181,114,0,2
19,183,57,0,1
19,184,71,0,1
19,184,73,0,1
19,185,60,0,1
19,187,101,0,1
19,188,95,0,1
19,188,98,0,1
19,189,62,0,1
19,191,101,0,1
19,192,59,0,1
19,192,99,0,1
19,209,125,0,1
19,229,107,0,1
20,68,96,0,2
20,73,67,0,1
20,74,119,0,1
20,78,76,0,1
20,79,111,0,1
20,85,68,0,1
20,85,113,0,1
20,93,105,0,1
20,94,76,0,1
20,95,83,0,1
20,97,83,0,1
20,98,74,0,1
20,99,41,0,1
20,100,45,0,1
20,100,116,0,1
20,101,95,0,2
20,102,89,0,1
20,103,79,0,1
20,103,101,0,1
20,104,77,0,1
20,104,81,0,2
20,104,87,1,0
20,105,44,0,1
20,105,79,0,5
20,106,74,0,1
20,106,77,0,1
20,106,82,0,2
20,107,57,1,2
20,107,58,0,1
20,107,64,0,1
20,108,34,1,1
20,109,81,0,2
20,109,92,0,1
20,110,72,0,1
20,110,74,0,1
20,110,106,0,1
20,112,70,0,1
20,112,88,0,1
20,113,76,0,2
20,113,77,0,2
20,113,101,0,1
20,113,111,0,1
20,114,36,0,3
20,114,76,0,2
20,114,81,0,1
20,115,67,0,1
20,115,68,0,1
20,115,80,0,2
20,116,72,1,0
20,116,78,0,1
20,116,79,0,1
20,116,88,0,1
20,117,79,0,1
20,117,80,0,1
20,117,87,0,1
20,117,117,0,1
20,118,78,0,1
20,118,79,1,2
20,118,80,0,6
20,118,88,0,1
20,119,66,1,1
20,119,71,0,1
20,119,77,0,1
20,119,78,0,4
20,119,79,0,4
20,119,87,0,1
20,119,104,0,1
20,120,69,0,1
20,120,77,0,2
20,120,78,0,10
20,120,79,0,1
20,120,80,0,1
20,120,84,0,1
20,121,36,0,1
20,121,77,0,3
20,121,78,0,2
20,121,79,0,2
20,121,85,0,1
20,121,88,0,2
20,122,66,0,3
20,122,80,0,6
20,122,82,0,1
20,122,92,0,1
20,122,104,0,3
20,123,67,0,1
20,123,90,0,1
20,124,60,0,1
20,124,62,0,1
20,124,74,1,4
20,124,77,0,1
20,124,80,0,1
20,125,79,0,1
20,126,58,0,1
20,126,70,0,1
20,126,87,0,1
20,127,58,0,1
20,127,84,0,1
20,127,85,0,1
20,128,72,0,1
20,128,73,1,14
20,128,86,0,1
20,129,55,0,1
20,129,69,0,5
20,129,73,0,1
20,129,76,1,3
20,129,77,0,1
20,129,82,0,1
20,129,88,0,1
20,129,104,0,1
20,130,56,0,1
20,130,73,0,2
20,130,76,0,4
20,130,77,0,2
20,131,67,0,2
20,131,68,1,0
20,131,69,1,0
20,131,72,0,9
20,131,73,4,23
20,131,75,0,2
20,131,76,0,6
20,131,81,2,4
20,131,94,0,1
20,132,57,0,1
20,132,66,1,0
20,132,72,0,3
20,132,73,0,9
20,132,74,5,11
20,132,76,0,1
20,132,90,0,1
20,133,53,0,3
20,133,55,0,1
20,133,59,0,1
20,133,67,0,1
20,133,70,2,4
20,133,73,0,1
20,133,78,0,2
20,133,80,0,2
20,133,85,0,4
20,134,58,0,1
20,134,64,0,3
20,134,68,0,1
20,134,70,0,3
20,134,71,1,2
20,134,72,0,1
20,134,80,0,1
20,134,81,0,1
20,134,86,0,1
20,134,87,0,1
20,134,95,0,2
20,134,100,0,1
20,135,67,0,1
20,135,68,0,1
20,135,71,0,1
20,135,74,0,6
20,135,75,0,1
20,135,76,0,15
20,135,83,0,3
20,135,100,0,1
20,136,24,0,1
20,136,55,0,1
20,136,62,0,1
20,136,68,0,1
20,136,69,0,2
20,136,70,0,7
20,136,71,0,1
20,136,74,0,4
20,136,76,0,1
20,136,81,0,1
20,136,84,0,1
20,137,61,0,6
20,137,65,0,2
20,137,66,0,2
20,137,70,0,3
20,137,71,0,2
20,137,72,0,2
20,137,73,1,0
20,137,75,0,2
20,137,76,0,2
20,137,83,0,2
20,137,84,0,1
20,137,85,0,2
20,138,56,0,1
20,138,60,0,3
20,138,61,1,4
20,138,67,0,6
20,138,69,1,8
20,138,70,0,1
20,138,71,0,1
20,138,72,1,10
20,138,79,9,273
20,138,82,0,1
20,139,66,0,1
20,139,67,0,3
20,139,70,0,1
20,139,75,0,3
20,139,80,0,1
20,140,61,2,0
20,140,63,0,1
20,140,65,0,1
20,140,68,0,4
20,140,69,0,2
20,140,70,1,6
20,140,78,0,2
20,140,82,0,4
20,140,84,0,1
20,141,65,0,1
20,141,67,0,1
20,141,70,4,15
20,141,72,0,1
20,142,60,0,2
20,142,62,0,1
20,142,63,0,1
20,142,64,0,1
20,142,66,0,1
20,142,74,0,3
20,142,78,0,2
20,142,79,0,1
20,142,85,1,1
20,142,86,0,9
20,143,75,0,2
20,143,79,0,18
20,143,80,0,3
20,144,60,0,3
20,144,74,0,3
20,144,75,0,1
20,144,78,0,1
20,144,81,0,1
20,144,82,0,1
20,144,85,1,0
20,144,92,0,1
20,144,94,0,1
20,145,74,0,1
20,145,81,0,1
20,145,83,0,1
20,145,85,0,3
20,145,121,0,1
20,146,79,1,2
20,146,80,0,3
20,146,82,0,3
20,146,110,0,1
20,147,66,2,0
20,147,75,0,1
20,147,76,0,1
20,147,80,0,1
20,147,81,1,1
20,147,94,0,1
20,148,59,3,0
20,148,68,0,1
20,148,71,0,1
20,148,76,0,3
20,148,77,0,1
20,148,85,1,0
20,148,86,0,1
20,148,87,1,2
20,148,88,0,2
20,149,55,0,1
20,149,71,0,1
20,149,74,0,3
20,149,77,0,5
20,149,78,0,3
20,149,79,0,1
20,150,73,0,1
20,150,77,0,1
20,150,78,1,20
20,150,85,0,3
20,151,57,0,1
20,151,69,1,0
20,151,70,0,1
20,151,71,0,1
20,151,74,0,1
20,151,75,0,2
20,151,79,0,2
20,152,59,0,1
20,152,66,0,1
20,152,70,0,1
20,152,75,0,1
20,152,76,0,1
20,152,77,0,3
20,152,80,0,1
20,152,86,0,1
20,153,71,1,0
20,153,74,0,3
20,153,75,0,2
20,153,79,0,1
20,153,80,1,1
20,153,89,0,1
20,154,38,2,0
20,154,74,0,2
20,155,71,0,4
20,155,80,0,1
20,155,105,0,2
20,156,75,1,1
20,156,76,0,1
20,156,77,0,1
20,157,78,0,1
20,157,81,0,1
20,157,83,0,7
20,157,84,0,2
20,157,92,0,1
20,158,44,0,1
20,158,63,0,4
20,159,26,0,2
20,159,54,0,1
20,159,68,0,1
20,159,73,0,1
20,160,72,0,1
20,160,79,0,3
20,160,83,0,1
20,160,113,0,1
20,163,73,0,1
20,164,44,0,1
20,164,73,0,1
20,164,76,0,1
20,164,86,0,1
20,166,48,0,1
20,170,73,1,0
20,171,85,0,1
20,174,108,0,1
20,175,92,0,1
20,175,100,0,1
20,180,64,0,1
20,184,92,0,1
20,184,99,0,1
20,187,101,0,2
20,187,102,0,1
20,188,98,0,2
20,191,61,0,1
20,191,101,0,1
20,198,117,0,1
20,208,105,0,1
20,219,102,0,4
21,73,59,1,0
21,73,75,0,3
21,74,100,0,1
21,78,76,0,1
21,79,67,0,1
21,89,114,0,1
21,94,76,0,2
21,94,79,0,1
21,95,77,0,1
21,100,65,0,2
21,101,86,0,1
21,104,44,0,1
21,104,91,0,1
21,105,44,0,1
21,105,79,0,18
21,107,57,0,3
21,107,58,0,1
21,108,77,0,1
21,109,28,0,1
21,109,72,0,2
21,109,73,0,1
21,109,78,0,1
21,110,106,0,1
21,111,97,0,1
21,112,51,0,1
21,112,82,0,1
21,113,76,0,4
21,113,81,0,2
21,113,101,0,3
21,114,76,0,2
21,114,78,0,1
21,115,67,0,1
21,115,88,0,1
21,116,72,1,0
21,116,76,0,1
21,116,80,0,1
21,117,78,0,1
21,117,79,0,3
21,117,97,0,1
21,118,75,0,1
21,118,77,0,1
21,118,78,0,1
21,118,79,0,1
21,118,80,0,9
21,118,92,0,1
21,119,78,0,4
21,119,99,0,1
21,120,75,0,1
21,120,78,0,12
21,120,99,0,1
21,121,77,0,3
21,121,78,0,3
21,121,79,0,2
21,121,88,0,1
21,122,66,0,2
21,122,78,0,3
21,122,80,0,3
21,123,58,1,0
21,123,76,0,1
21,123,79,0,1
21,124,56,0,1
21,124,74,0,5
21,124,79,0,1
21,124,81,0,1
21,125,70,1,0
21,125,78,0,1
21,125,79,0,1
21,125,81,0,1
21,125,106,0,1
21,126,52,0,1
21,126,60,0,1
21,126,76,0,1
21,126,82,0,1
21,126,87,0,1
21,127,53,0,1
21,127,58,0,3
21,127,81,0,2
21,127,82,0,1
21,127,86,0,1
21,128,73,0,6
21,128,82,0,1
21,129,68,0,1
21,129,69,3,2
21,129,73,0,1
21,129,76,0,1
21,129,78,0,2
21,129,91,1,0
21,130,68,0,1
21,130,72,0,3
21,130,76,0,1
21,131,60,0,1
21,131,67,0,2
21,131,72,1,11
21,131,73,0,17
21,131,74,0,2
21,131,76,0,7
21,131,80,3,3
21,132,63,0,2
21,132,69,0,1
21,132,72,0,1
21,132,73,0,10
21,132,74,0,7
21,132,76,0,1
21,132,81,0,2
21,132,84,1,0
21,133,53,0,2
21,133,67,0,2
21,133,69,1,0
21,133,71,0,1
21,133,85,1,1
21,134,57,0,1
21,134,58,0,1
21,134,64,0,5
21,134,67,0,2
21,134,71,0,3
21,134,72,0,1
21,134,75,0,2
21,134,77,0,1
21,134,84,0,1
21,134,87,0,2
21,134,95,0,2
21,134,96,0,1
21,135,67,0,1
21,135,68,1,0
21,135,69,0,1
21,135,71,0,1
21,135,73,0,1
21,135,74,0,2
21,135,76,0,4
21,135,78,0,2
21,135,84,0,1
21,136,50,0,1
21,136,65,0,1
21,136,67,0,1
21,136,69,0,4
21,136,70,1,9
21,136,71,0,3
21,136,72,0,1
21,136,74,0,4
21,136,79,0,1
21,136,81,0,2
21,136,85,0,1
21,136,88,1,1
21,137,55,0,1
21,137,61,0,1
21,137,65,0,5
21,137,66,0,2
21,137,68,0,2
21,137,70,0,7
21,137,71,0,2
21,137,75,0,1
21,137,76,0,1
21,137,77,0,1
21,137,78,0,3
21,137,82,0,1
21,137,84,0,1
21,137,85,0,2
21,138,59,0,1
21,138,60,0,1
21,138,61,0,2
21,138,63,0,1
21,138,67,0,10
21,138,69,0,4
21,138,70,1,2
21,138,71,0,2
21,138,72,2,12
21,138,79,6,233
21,138,81,0,1
21,138,84,0,1
21,139,58,0,1
21,139,66,0,1
21,139,67,0,1
21,139,68,0,5
21,139,69,0,1
21,139,70,0,2
21,139,71,0,1
21,139,72,0,1
21,139,75,0,2
21,139,80,1,0
21,139,91,1,1
21,140,59,0,1
21,140,60,0,1
21,140,61,0,1
21,140,62,0,1
21,140,63,0,1
21,140,66,0,1
21,140,69,0,1
21,140,70,1,3
21,140,74,1,1
21,140,78,0,2
21,140,82,0,1
21,140,84,0,1
21,140,92,0,1
21,141,57,0,1
21,141,60,0,2
21,141,61,0,1
21,141,62,0,1
21,141,67,0,4
21,141,68,1,1
21,141,69,1,0
21,141,70,0,13
21,141,78,0,2
21,141,88,0,1
21,142,60,0,1
21,142,65,0,1
21,142,69,0,2
21,142,74,0,1
21,142,78,0,1
21,142,79,0,2
21,142,84,0,1
21,143,59,0,1
21,143,63,0,1
21,143,75,0,3
21,143,78,1,1
21,143,79,0,18
21,144,65,0,1
21,144,71,0,2
21,144,79,0,1
21,144,82,0,1
21,144,83,0,1
21,144,84,0,3
21,144,85,0,1
21,144,89,0,1
21,145,79,0,2
21,146,62,0,1
21,146,63,0,1
21,146,67,0,2
21,146,75,0,1
21,146,78,0,1
21,146,80,0,1
21,146,81,0,1
21,146,82,0,3
21,146,86,0,1
21,147,61,0,1
21,147,66,5,0
21,147,69,0,1
21,147,75,0,1
21,147,76,0,1
21,147,80,0,3
21,147,85,0,1
21,147,88,0,1
21,148,59,3,0
21,148,76,0,5
21,148,81,0,1
21,148,87,1,0
21,148,94,0,1
21,149,71,0,1
21,149,74,0,3
21,149,78,0,2
21,149,79,0,1
21,150,77,0,1
21,150,78,0,20
21,150,85,0,1
21,150,89,0,1
21,151,67,0,1
21,151,68,1,0
21,151,76,0,2
21,151,77,0,3
21,151,95,0,4
21,152,70,0,6
21,152,73,0,1
21,152,80,0,3
21,152,91,0,1
21,153,27,0,1
21,153,55,0,1
21,153,73,0,1
21,153,74,0,1
21,153,79,0,1
21,153,80,0,1
21,153,89,0,1
21,154,38,3,0
21,154,71,0,1
21,154,74,0,1
21,155,71,0,3
21,156,76,0,3
21,156,80,0,1
21,157,75,1,0
21,157,76,0,1
21,157,83,0,2
21,157,84,0,2
21,158,75,1,1
21,158,78,0,1
21,159,26,0,6
21,159,76,1,0
21,159,94,0,1
21,160,95,0,1
21,161,72,0,1
21,161,77,0,1
21,162,81,0,1
21,163,45,0,1
21,163,72,0,1
21,170,70,1,0
21,176,112,0,1
21,177,107,0,1
21,178,123,0,1
21,180,58,0,1
21,183,57,0,1
21,187,101,0,1
21,193,61,0,2
21,200,96,0,1
21,202,96,0,1
21,202,109,0,1
21,219,102,0,1
21,227,119,0,1
22,79,64,1,0
22,79,69,0,1
22,93,107,0,1
22,94,76,0,1
22,101,43,0,1
22,104,79,0,2
22,104,81,0,1
22,105,78,1,0
22,105,79,0,9
22,106,82,0,1
22,107,57,0,2
22,107,58,0,1
22,107,74,1,0
22,108,72,0,1
22,108,104,0,2
22,109,45,1,0
22,109,56,0,1
22,109,72,1,2
22,109,78,0,1
22,109,118,0,1
22,110,71,0,1
22,110,106,0,1
22,111,82,0,1
22,112,73,0,1
22,112,78,0,2
22,113,76,0,3
22,113,77,0,1
22,113,100,0,1
22,113,101,0,1
22,114,76,0,2
22,114,81,0,1
22,114,116,0,1
22,114,120,0,1
22,115,80,0,1
22,115,82,0,1
22,116,72,1,0
22,117,78,0,1
22,117,79,0,2
22,117,81,0,1
22,117,82,0,1
22,117,93,0,3
22,118,49,0,1
22,118,77,1,1
22,118,78,0,1
22,118,80,0,4
22,118,92,0,1
22,118,100,0,6
22,119,78,0,1
22,119,79,0,2
22,119,98,0,1
22,119,114,0,2
22,120,77,0,2
22,120,78,0,3
22,121,36,0,1
22,121,56,0,1
22,121,69,0,1
22,121,77,0,2
22,121,78,0,1
22,121,81,0,1
22,121,119,0,1
22,122,68,0,1
22,122,82,0,1
22,122,104,0,2
22,123,73,0,1
22,123,76,1,1
22,123,77,0,3
22,123,79,0,1
22,123,90,1,0
22,124,74,0,2
22,124,77,0,1
22,124,80,0,1
22,125,73,0,1
22,125,77,0,1
22,125,78,0,1
22,126,52,0,1
22,126,62,1,0
22,126,68,0,1
22,126,110,0,1
22,127,67,1,0
22,127,76,0,1
22,127,80,0,1
22,127,85,0,1
22,128,73,3,24
22,128,77,0,1
22,128,79,0,2
22,128,80,0,1
22,129,69,0,4
22,129,76,1,2
22,129,77,0,1
22,129,80,0,1
22,130,68,0,3
22,130,73,0,1
22,130,76,0,4
22,130,77,0,3
22,130,79,1,0
22,130,98,0,1
22,130,119,0,1
22,131,67,0,4
22,131,72,1,10
22,131,73,1,21
22,131,74,0,2
22,131,76,1,5
22,131,78,0,1
22,131,81,0,1
22,132,68,1,2
22,132,73,0,5
22,132,74,1,7
22,132,76,0,2
22,133,66,0,1
22,133,73,0,1
22,133,79,0,1
22,133,80,0,1
22,133,103,0,1
22,134,64,0,1
22,134,68,0,3
22,134,71,0,1
22,134,72,0,1
22,134,75,1,2
22,134,87,0,1
22,134,95,0,1
22,134,98,0,1
22,135,63,0,1
22,135,67,0,2
22,135,69,0,2
22,135,71,0,1
22,135,73,0,1
22,135,74,0,2
22,135,76,1,7
22,135,79,0,1
22,135,83,0,2
22,135,84,0,1
22,135,100,0,1
22,136,66,1,0
22,136,67,0,1
22,136,68,1,1
22,136,70,1,10
22,136,71,1,0
22,136,74,1,5
22,136,79,0,1
22,136,81,0,1
22,136,84,0,1
22,136,97,0,2
22,137,61,0,1
22,137,65,0,3
22,137,66,0,2
22,137,67,0,1
22,137,68,0,1
22,137,70,0,1
22,137,71,0,2
22,137,73,1,1
22,137,76,0,1
22,137,79,0,1
22,137,85,0,1
22,138,46,0,1
22,138,59,0,1
22,138,61,0,3
22,138,63,0,1
22,138,66,0,1
22,138,67,1,7
22,138,68,0,1
22,138,69,0,3
22,138,71,1,1
22,138,72,0,6
22,138,79,12,199
22,139,50,0,1
22,139,58,0,2
22,139,63,0,1
22,139,66,0,1
22,139,69,0,3
22,139,72,0,1
22,139,74,0,2
22,139,75,0,1
22,140,30,0,1
22,140,61,0,1
22,140,63,0,1
22,140,65,0,1
22,140,66,0,1
22,140,67,0,3
22,140,70,0,1
22,140,71,0,2
22,140,78,0,1
22,140,84,0,1
22,140,92,0,19
22,141,58,0,1
22,141,65,0,1
22,141,67,0,3
22,141,68,1,0
22,141,69,1,1
22,141,70,2,17
22,141,78,0,2
22,142,60,0,2
22,142,64,0,2
22,142,71,0,3
22,142,72,0,1
22,142,79,0,1
22,143,44,0,1
22,143,49,2,0
22,143,62,0,1
22,143,65,0,1
22,143,70,0,1
22,143,75,0,1
22,143,79,0,16
22,143,81,0,1
22,143,83,0,1
22,144,74,0,1
22,144,78,0,1
22,144,80,0,2
22,144,81,1,6
22,144,85,1,5
22,144,93,0,1
22,145,54,1,3
22,145,79,0,2
22,145,80,0,1
22,145,84,0,3
22,146,62,0,3
22,146,65,0,1
22,146,67,0,2
22,146,73,0,1
22,146,78,0,2
22,146,82,0,2
22,146,86,0,1
22,147,69,0,1
22,147,71,0,1
22,147,76,0,1
22,147,77,0,1
22,147,93,0,1
22,147,94,0,1
22,148,86,0,1
22,148,87,1,2
22,148,94,0,2
22,148,95,0,1
22,149,68,2,0
22,149,74,0,1
22,149,77,0,5
22,149,78,0,1
22,149,79,0,1
22,149,89,0,1
22,150,78,0,12
22,150,85,0,5
22,150,94,0,1
22,151,71,0,2
22,151,77,0,2
22,151,79,0,1
22,151,115,1,1
22,152,59,1,0
22,152,65,1,0
22,152,70,0,2
22,152,73,0,1
22,152,76,0,2
22,152,86,0,4
22,152,88,0,1
22,153,55,0,2
22,153,74,0,1
22,154,38,3,0
22,154,74,0,1
22,155,71,0,4
22,155,78,0,1
22,155,89,0,1
22,156,76,1,0
22,156,78,0,2
22,156,80,0,1
22,157,60,0,1
22,157,76,1,1
22,158,63,0,3
22,158,77,0,10
22,159,26,0,1
22,159,54,0,1
22,159,77,0,1
22,159,87,0,1
22,160,75,0,1
22,160,84,0,1
22,161,77,0,1
22,162,68,0,2
22,162,84,0,1
22,165,87,1,1
22,172,78,0,1
22,180,64,0,1
22,180,73,0,1
22,180,108,0,1
22,186,52,0,1
22,187,68,3,0
22,193,61,0,1
22,197,59,1,0
22,201,97,0,1
22,217,103,0,2
22,219,102,0,1
23,73,75,0,1
23,78,56,0,3
23,78,62,0,1
23,82,68,0,1
23,84,66,0,1
23,84,68,0,1
23,92,99,0,1
23,94,76,0,1
23,95,83,1,1
23,95,87,0,1
23,101,43,0,1
23,101,80,0,1
23,104,44,0,1
23,104,73,0,1
23,104,78,0,1
23,105,79,0,3
23,107,57,0,1
23,108,113,0,1
23,109,72,0,2
23,109,78,1,0
23,109,92,0,1
23,111,70,0,1
23,111,82,0,1
23,112,88,0,1
23,113,74,0,1
23,113,81,0,1
23,114,76,0,1
23,114,78,0,1
23,116,72,1,0
23,116,78,0,1
23,116,89,1,1
23,117,79,0,1
23,117,82,0,1
23,118,84,0,1
23,119,78,0,2
23,119,79,0,1
23,119,93,0,1
23,120,43,0,1
23,120,55,0,2
23,120,70,0,1
23,120,78,0,2
23,120,86,0,1
23,120,99,0,1
23,121,56,0,1
23,121,67,0,1
23,121,78,0,3
23,121,79,0,2
23,121,87,0,1
23,121,88,0,2
23,122,59,0,1
23,122,78,0,1
23,122,80,0,1
23,122,83,0,1
23,123,76,0,1
23,123,81,0,1
23,123,87,0,1
23,124,59,0,1
23,124,71,0,1
23,124,74,0,1
23,125,75,0,1
23,125,79,0,1
23,125,81,0,4
23,126,59,0,1
23,126,110,0,1
23,126,112,0,1
23,127,88,0,1
23,128,61,0,1
23,128,64,0,1
23,128,66,0,1
23,128,73,0,4
23,128,77,0,1
23,128,80,0,1
23,128,113,0,1
23,129,69,0,3
23,129,76,0,7
23,129,88,0,1
23,130,57,0,1
23,130,65,0,1
23,130,68,0,3
23,130,73,0,1
23,130,76,3,5
23,130,77,0,1
23,131,60,0,1
23,131,67,0,3
23,131,72,0,8
23,131,73,0,12
23,131,76,1,6
23,131,77,0,1
23,131,78,0,1
23,132,72,0,3
23,132,73,0,4
23,132,74,3,5
23,132,75,0,1
23,132,79,0,1
23,133,53,0,1
23,133,70,1,1
23,133,77,0,1
23,133,78,0,2
23,133,79,0,1
23,133,85,0,1
23,133,100,0,1
23,134,64,0,3
23,134,67,0,1
23,134,68,0,2
23,134,69,0,1
23,134,70,0,1
23,134,72,0,1
23,134,87,0,1
23,134,95,1,0
23,135,69,0,1
23,135,71,0,2
23,135,72,0,1
23,135,73,0,2
23,135,74,2,7
23,135,76,0,2
23,136,62,0,1
23,136,65,0,1
23,136,67,0,2
23,136,70,0,7
23,136,71,0,1
23,136,74,1,4
23,136,84,0,1
23,136,85,0,1
23,136,91,0,1
23,136,95,0,1
23,137,61,0,1
23,137,63,0,1
23,137,65,0,3
23,137,68,0,1
23,137,70,1,0
23,137,71,0,2
23,137,72,0,2
23,137,73,0,1
23,137,78,0,1
23,137,79,0,1
23,137,84,1,0
23,137,127,5,0
23,138,46,0,1
23,138,51,0,1
23,138,55,0,2
23,138,61,0,5
23,138,64,0,1
23,138,67,1,6
23,138,68,0,1
23,138,71,0,1
23,138,72,0,6
23,138,79,17,205
23,139,58,0,1
23,139,66,0,1
23,139,67,1,1
23,139,69,0,1
23,139,70,0,1
23,139,72,0,1
23,139,75,0,1
23,140,68,0,1
23,140,69,0,5
23,140,70,0,3
23,140,73,0,2
23,140,82,0,1
23,140,84,1,2
23,140,92,0,3
23,141,57,0,1
23,141,67,0,3
23,141,68,0,3
23,141,69,1,0
23,141,70,0,11
23,141,71,0,2
23,142,60,0,2
23,142,69,0,2
23,142,79,0,1
23,142,86,0,2
23,142,99,0,1
23,143,64,0,1
23,143,70,0,3
23,143,79,0,9
23,143,81,0,1
23,144,40,0,2
23,144,71,0,2
23,144,74,0,1
23,144,78,0,1
23,144,79,0,4
23,144,85,0,5
23,145,64,1,1
23,145,84,2,2
23,145,85,0,1
23,145,120,0,1
23,146,65,0,1
23,146,67,0,1
23,146,78,0,3
23,146,82,0,1
23,147,69,0,1
23,147,75,0,1
23,147,77,0,1
23,147,80,0,3
23,147,81,0,1
23,147,87,0,1
23,147,88,0,1
23,147,92,0,1
23,147,94,0,1
23,148,78,1,0
23,148,79,0,2
23,148,81,1,2
23,148,82,0,1
23,148,83,0,1
23,148,86,0,1
23,148,87,1,0
23,148,88,0,1
23,148,94,0,1
23,149,74,0,1
23,149,77,0,1
23,149,78,1,1
23,149,79,0,2
23,150,68,0,1
23,150,78,1,11
23,150,79,0,1
23,150,85,0,7
23,150,93,0,1
23,151,71,0,2
23,151,77,1,2
23,151,78,0,2
23,151,79,0,1
23,152,70,0,2
23,152,72,0,1
23,152,80,0,2
23,152,100,0,1
23,153,55,0,1
23,153,66,0,1
23,153,71,1,0
23,153,74,3,3
23,153,79,0,1
23,153,80,0,1
23,154,38,3,0
23,154,56,0,1
23,154,74,0,1
23,154,89,0,1
23,155,71,0,2
23,155,79,0,1
23,156,74,0,1
23,156,76,0,1
23,157,83,0,5
23,158,77,0,1
23,158,111,0,1
23,169,72,0,3
23,169,97,0,1
23,174,61,0,1
23,180,71,0,1
23,187,68,7,0
23,191,91,0,1
23,217,125,0,1